X֔ԍ,s{Ji,s撬Ji,於Ji,s{,s撬,於
5340000,,Ժϸ,ƹŲޱ,{,ss,ȉɌfڂȂꍇ
5340026,,Ժϸ,м,{,ss,ԓ
5340013,,Ժϸ,޲,{,ss,㒬
5340025,,Ժϸ,,{,ss,В
5340001,,Ժϸ,,{,ss,єn
5340015,,Ժϸ,ݹݼ,{,ss,P
5340002,,Ժϸ,޲ĳ,{,ss,哌
5340011,,Ժϸ,,{,ss,q
5340016,,Ժϸ,,{,ss,F
5340027,,Ժϸ,Ŷ,{,ss,쒬
5340024,,Ժϸ,˶޼,{,ss,c
5340022,,Ժϸ,ԺŶ޵,{,ss,s
5340021,,Ժϸ,Ժ޵,{,ss,s{
5340023,,Ժϸ,Ժ޵,{,ss,s
5340014,,Ժϸ,ԺϷ޵,{,ss,sk
5340012,,Ժϸ,շ,{,ss,K
5530000,,̸ϸ,ƹŲޱ,{,s,ȉɌfڂȂꍇ
5530001,,̸ϸ,޴,{,s,CV]
5530007,,̸ϸ,׷,{,s,J
5530002,,̸ϸ,޽,{,s,F
5530004,,̸ϸ,϶,{,s,ʐ
5530005,,̸ϸ,,{,s,c
5530003,,̸ϸ,̸,{,s,
5530006,,̸ϸ,ּ,{,s,g
5540000,,Ÿ,ƹŲޱ,{,sԋ,ȉɌfڂȂꍇ
5540011,,Ÿ,,{,sԋ,
5540032,,Ÿ,,{,sԋ,~
5540022,,Ÿ,Ŷ,{,sԋ,to
5540023,,Ÿ,,{,sԋ,to
5540021,,Ÿ,޷,{,sԋ,tok
5540031,,Ÿ,׼,{,sԋ,
5540014,,Ÿ,ݼ,{,sԋ,lѓ
5540024,,Ÿ,,{,sԋ,
5540001,,Ÿ,,{,sԋ,
5540052,,Ÿ,ּ,{,sԋ,g
5540002,,Ÿ,߳,{,sԋ,`@
5540051,,Ÿ,ؼ,{,sԋ,ѓ
5540012,,Ÿ,Ƽޮ,{,sԋ,
5540013,,Ÿ,޲,{,sԋ,~
5540033,,Ÿ,θ,{,sԋ,k`
5540041,,Ÿ,θ,{,sԋ,k`
5540042,,Ÿ,θخ,{,sԋ,k`Βn
5540043,,Ÿ,Ҽ˶޼,{,sԋ,F
5500000,,Ƽ,ƹŲޱ,{,s,ȉɌfڂȂꍇ
5500026,,Ƽ,޶,{,s,
5500011,,Ƽ,ܻ,{,s,g
5500012,,Ƽ,,{,s,x
5500004,,Ƽ,,{,s,Ֆ{
5500002,,Ƽ,,{,s,]˖x
5500006,,Ƽ,ɺ,{,s,]Vq
5500021,,Ƽ,ܸ,{,s,
5500014,,Ƽ,ش,{,s,kx]
5500003,,Ƽ,,{,s,x
5500027,,Ƽ,ޮ,{,s,
5500025,,Ƽ,ޮ,{,s,
5500024,,Ƽ,,{,s,
5500013,,Ƽ,,{,s,V
5500023,,Ƽ,ֻ޷,{,s,
5500001,,Ƽ,Ļ,{,s,yx
5500005,,Ƽ,Ƽ,{,s,{
5500022,,Ƽ,,{,s,{c
5500015,,Ƽ,ش,{,s,x]
5520000,,ĸ,ƹŲޱ,{,s`,ȉɌfڂȂꍇ
5520015,,ĸ,,{,s`,r
5520006,,ĸ,,{,s`,Γc
5520003,,ĸ,,{,s`,H
5520012,,ĸ,,{,s`,s
5520002,,ĸ,,{,s`,s
5520022,,ĸ,޵,{,s`,Cݒ
5520023,,ĸ,,{,s`,`
5520005,,ĸ,Ŷ,{,s`,c
5520021,,ĸ,,{,s`,z`
5520001,,ĸ,ֹ,{,s`,g
5520013,,ĸ,̸޷,{,s`,
5520007,,ĸ,,{,s`,ٓV
5520016,,ĸ,л,{,s`,O
5520011,,ĸ,в,{,s`,s
5520014,,ĸ,,{,s`,
5520004,,ĸ,ճŷ,{,s`,[
5510000,,,ƹŲޱ,{,s吳,ȉɌfڂȂꍇ
5510031,,,޵,{,s吳,
5510033,,,,{,s吳,k
5510032,,,,{,s吳,k
5510011,,,Լ˶޼,{,s吳,ѓ
5510013,,,ԼƼ,{,s吳,ѐ
5510002,,,ݹ˶޼,{,s吳,OƓ
5510001,,,ݹƼ,{,s吳,OƐ
5510003,,,,{,s吳,瓇
5510023,,,,{,s吳,ߒ
5510012,,,׵,{,s吳,
5510022,,,,{,s吳,D
5510021,,,е,{,s吳,쉶
5430000,,ɳ޸,ƹŲޱ,{,sV,ȉɌfڂȂꍇ
5430023,,ɳ޸,,{,sV,
5430022,,ɳ޸,,{,sV,{
5430073,,ɳ޸,,{,sV,ʎ
5430072,,ɳ޸,ϴ,{,sV,ʑO
5430071,,ɳ޸,,{,sV,ʒ
5430031,,ɳ޸,¼,{,sV,΃PҒ
5430002,,ɳ޸,,{,sV,㎬
5430037,,ɳ޸,,{,sV,V{
5430001,,ɳ޸,,{,sV,{
5430016,,ɳ޸,,{,sV,a
5430062,,ɳ޸,,{,sV,
5430028,,ɳ޸,޾,{,sV,
5430043,,ɳ޸,,{,sV,R
5430018,,ɳ޸,׷,{,sV,󐴒
5430042,,ɳ޸,׽¼,{,sV,GP
5430012,,ɳ޸,,{,sV,x
5430053,,ɳ޸,,{,sV,k͖x
5430035,,ɳ޸,,{,sV,kR
5430044,,ɳ޸,,{,sV,
5430036,,ɳ޸,,{,sV,{
5430032,,ɳ޸,,{,sV,׍HJ
5430015,,ɳ޸,,{,sV,^cR
5430076,,ɳ޸,,{,sV,
5430051,,ɳ޸,ɳ,{,sV,lV
5430011,,ɳ޸,н,{,sV,J
5430025,,ɳ޸,ӱ,{,sV,
5430017,,ɳ޸,ޮ,{,sV,쎛
5430041,,ɳ޸,߳,{,sV,^@@
5430052,,ɳ޸,޲޳,{,sV,哹
5430013,,ɳ޸,¸,{,sV,ʑ{
5430014,,ɳ޸,¸,{,sV,ʑ
5430063,,ɳ޸,,{,sV,PR
5430045,,ɳ޸,,{,sV,c
5430033,,ɳ޸,޳޼,{,sV,
5430026,,ɳ޸,ĳޮ,{,sV,㒬
5430021,,ɳ޸,˶޼,{,sV,Ò
5430055,,ɳ޸,ݲ,{,sV,ߓc@
5430027,,ɳ޸,޶޻,{,sV,MP蒬
5430024,,ɳ޸,ʼ,{,sV,M
5430056,,ɳ޸,غ,{,sV,xz
5430034,,ɳ޸,¶,{,sV,P@
5430054,,ɳ޸,ж,{,sV,͖x
5430075,,ɳ޸,ճ˶޵,{,sV,[zu
5430061,,ɳ޸,ڲ,{,sV,l
5430074,,ɳ޸,۸,{,sV,Z̒
5560000,,ܸ,ƹŲޱ,{,sQ,ȉɌfڂȂꍇ
5560029,,ܸ,,{,sQ,
5560023,,ܸ,,{,sQ,
5560013,,ܸ,޽,{,sQ,^{
5560002,,ܸ,޽˶޼,{,sQ,b{
5560003,,ܸ,޽Ƽ,{,sQ,b{
5560027,,ܸ,޶,{,sQ,ؒÐ
5560028,,ܸ,ּ,{,sQ,vۋg
5560021,,ܸ,ܲ,{,sQ,K
5560022,,ܸ,׶,{,sQ,
5560024,,ܸ,,{,sQ,
5560012,,ܸ,˶޼,{,sQ,~Ó
5560015,,ܸ,Ƽ,{,sQ,~Ð
5560001,,ܸ,,{,sQ,
5560014,,ܸ,޲,{,sQ,卑
5560020,,ܸ,,{,sQ,t
5560025,,ܸ,˶޼,{,sQ,Q
5560026,,ܸ,Ƽ,{,sQ,Q
5560011,,ܸ,Ŷ,{,sQ,g
5560005,,ܸ,Ư޼,{,sQ,{
5560006,,ܸ,Ư޼˶޼,{,sQ,{
5560004,,ܸ,Ư޼Ƽ,{,sQ,{
5560017,,ܸ,,{,sQ,
5560016,,ܸ,,{,sQ,
5550000,,Ƽ޶ܸ,ƹŲޱ,{,s,ȉɌfڂȂꍇ
5550021,,Ƽ޶ܸ,,{,s,̓
5550043,,Ƽ޶ܸ,,{,s,
5550032,,Ƽ޶ܸ,,{,s,ac
5550022,,Ƽ޶ܸ,ܻ,{,s,
5550011,,Ƽ޶ܸ,,{,s,|
5550013,,Ƽ޶ܸ,,{,s,M
5550001,,Ƽ޶ܸ,¸,{,s,
5550031,,Ƽ޶ܸ,޷,{,s,o
5550041,,Ƽ޶ܸ,Ŷ,{,s,
5550042,,Ƽ޶ܸ,Ƽ,{,s,
5550024,,Ƽ޶ܸ,ɻ,{,s,엢
5550023,,Ƽ޶ܸ,Ŷ,{,s,Ԑ
5550025,,Ƽ޶ܸ,һ,{,s,P
5550033,,Ƽ޶ܸ,Ҽ,{,s,P
5550044,,Ƽ޶ܸ,ˬ,{,s,S
5550034,,Ƽ޶ܸ,̸,{,s,
5550012,,Ƽ޶ܸ,ü,{,s,䕼
5330000,,˶޼޶ܸ,ƹŲޱ,{,s,ȉɌfڂȂꍇ
5330007,,˶޼޶ܸ,,{,s,
5330032,,˶޼޶ܸ,ܼ,{,s,WH
5330001,,˶޼޶ܸ,,{,s,䍂
5330015,,˶޼޶ܸ,,{,s,
5330006,,˶޼޶ܸ,мݼޮ,{,s,V
5330002,,˶޼޶ܸ,,{,s,k]
5330024,,˶޼޶ܸ,Ƽ,{,s,ē
5330004,,˶޼޶ܸ,,{,s,
5330021,,˶޼޶ܸ,Ӽݼޮ,{,s,V
5330005,,˶޼޶ܸ,޲,{,s,
5330022,,˶޼޶ܸ,,{,s,
5330011,,˶޼޶ܸ,޲޳,{,s,
5330012,,˶޼޶ܸ,޲޳,{,s,哹
5330013,,˶޼޶ܸ,ֻ,{,s,L
5330031,,˶޼޶ܸ,Ƽܼ,{,s,WH
5330023,,˶޼޶ܸ,˶޼ܼ,{,s,WH
5330033,,˶޼޶ܸ,˶޼Ŷ,{,s,
5330014,,˶޼޶ܸ,γ,{,s,LV
5330003,,˶޼޶ܸ,д,{,s,]
5370000,,˶޼ظ,ƹŲޱ,{,s,ȉɌfڂȂꍇ
5370012,,˶޼ظ,ϻ,{,s,卡
5370014,,˶޼ظ,ϻƼ,{,s,卡
5370013,,˶޼ظ,ϻ,{,s,卡
5370003,,˶޼ظ,м,{,s,_H
5370023,,˶޼ظ,,{,s,ʒ
5370025,,˶޼ظ,Ŷ,{,s,
5370022,,˶޼ظ,Ŷ,{,s,{
5370011,,˶޼ظ,˶޼ϻ,{,s,
5370024,,˶޼ظ,˶޼޾,{,s,
5370021,,˶޼ظ,˶޼Ŷ,{,s,{
5370002,,˶޼ظ,̶,{,s,[]
5370001,,˶޼ظ,̶,{,s,[]k
5440000,,ɸ,ƹŲޱ,{,s,ȉɌfڂȂꍇ
5440025,,ɸ,˶޼,{,s,쓌
5440024,,ɸ,Ƽ,{,s,쐼
5440021,,ɸ,,{,s,R
5440033,,ɸ,Ϸ,{,s,Rk
5440022,,ɸ,ؼ,{,s,ɗ
5440002,,ɸ,,{,s,H
5440003,,ɸ,˶޼,{,s,H
5440001,,ɸ,ݲϻ,{,s,V
5440011,,ɸ,,{,s,c
5440013,,ɸ,Ŷ,{,s,F
5440014,,ɸ,˶޼,{,s,F
5440012,,ɸ,Ƽ,{,s,F
5440015,,ɸ,,{,s,F
5440004,,ɸ,з,{,s,Fk
5440031,,ɸ,ʼ,{,s,ߋ
5440005,,ɸ,Ŷ,{,s,
5440006,,ɸ,Ŷ˶޼,{,s,쓌
5440032,,ɸ,ŶƼ,{,s,쐼
5440023,,ɸ,Լ,{,s,ю
5440034,,ɸ,,{,s,J
5350000,,˸,ƹŲޱ,{,s,ȉɌfڂȂꍇ
5350005,,˸,,{,s,Ԑ
5350004,,˸,,{,s,]
5350011,,˸,ϲ,{,s,s
5350002,,˸,,{,s,{
5350021,,˸,н,{,s,
5350022,,˸,,{,s,VX
5350012,,˸,Լ,{,s,
5350001,,˸,޼,{,s,q
5350031,,˸,,{,s,a
5350003,,˸,Ŷ,{,s,{
5350013,,˸,ؼ,{,s,XH
5360000,,ޮĳ,ƹŲޱ,{,s铌,ȉɌfڂȂꍇ
5360002,,ޮĳ,̸˶޼,{,s铌,
5360004,,ޮĳ,̸Ƽ,{,s铌,
5360003,,ޮĳ,̸,{,s铌,
5360016,,ޮĳ,ӳ,{,s铌,
5360015,,ޮĳ,,{,s铌,V쑽
5360017,,ޮĳ,˶޼,{,s铌,V쑽
5360013,,ޮĳ,˶޼,{,s铌,쓌
5360014,,ޮĳ,Ƽ,{,s铌,쐼
5360021,,ޮĳ,,{,s铌,zK
5360007,,ޮĳ,,{,s铌,
5360008,,ޮĳ,,{,s铌,֖
5360005,,ޮĳ,,{,s铌,
5360012,,ޮĳ,ɳ,{,s铌,Vc
5360024,,ޮĳ,Ŷ,{,s铌,l
5360022,,ޮĳ,Ŷ,{,s铌,ic
5360006,,ޮĳ,ɴ,{,s铌,]
5360011,,ޮĳ,Ƽ,{,s铌,o
5360023,,ޮĳ,˶޼Ŷ,{,s铌,l
5360001,,ޮĳ,ٲ,{,s铌,Îs
5360025,,ޮĳ,,{,s铌,XV{
5450000,,ɸ,ƹŲޱ,{,s{,ȉɌfڂȂꍇ
5450033,,ɸ,޵,{,s{,
5450051,,ɸ,,{,s{,
5450052,,ɸ,ɽ,{,s{,{
5450034,,ɸ,,{,s{,{쌳
5450023,,ɸ,,{,s{,q
5450035,,ɸ,,{,s{,k
5450041,,ɸ,޵,{,s{,
5450005,,ɸ,Ҳ,{,s{,O
5450011,,ɸ,,{,s{,a
5450032,,ɸ,Ҳ޵,{,s{,
5450037,,ɸ,޶,{,s{,ˎR
5450002,,ɸ,ɳ,{,s{,V
5450001,,ɸ,ɳ,{,s{,Vk
5450013,,ɸ,Ŷ޲,{,s{,r
5450014,,ɸ,Ƽ,{,s{,cӒ
5450031,,ɸ,ʼ,{,s{,{
5450022,,ɸ,,{,s{,d
5450021,,ɸ,,{,s{,쒬
5450036,,ɸ,޲,{,s{,
5450003,,ɸ,޼,{,s{,͉
5450004,,ɸ,ɻ,{,s{,̗
5450053,,ɸ,»޷,{,s{,蒬
5450043,,ɸ,Ѽ޵,{,s{,
5450042,,ɸ,޵,{,s{,ێR
5450012,,ɸ,Ӷ޲,{,s{,Pr
5580000,,ּ,ƹŲޱ,{,sZg,ȉɌfڂȂꍇ
5580021,,ּ,,{,sZg,
5580014,,ּ,޺,{,sZg,䑷q
5580013,,ּ,޺˶޼,{,sZg,䑷q
5580015,,ּ,޺Ƽ,{,sZg,䑷q
5580046,,ּ,ּ,{,sZg,Zg
5580032,,ּ,ص,{,sZg,
5580011,,ּ,,{,sZg,c
5580031,,ּ,,{,sZg,V
5580033,,ּ,н޶޵,{,sZg,u
5580022,,ּ,,{,sZg,{
5580043,,ּ,д,{,sZg,n]
5580045,,ּ,ּ,{,sZg,Zg
5580047,,ּ,,{,sZg,[
5580001,,ּ,޲خ,{,sZg,
5580053,,ּ,޶Ŷ,{,sZg,ˎR
5580054,,ּ,޶˶޼,{,sZg,ˎR
5580052,,ּ,޶Ƽ,{,sZg,ˎR
5580042,,ּ,¼,{,sZg,a
5580003,,ּ,Ŷ޲,{,sZg,
5580004,,ּ,Ŷ޲˶޼,{,sZg,
5580002,,ּ,Ŷ޲Ƽ,{,sZg,
5580044,,ּ,Ŷ޵,{,sZg,
5580012,,ּ,ܲ,{,sZg,
5580055,,ּ,޲,{,sZg,
5580056,,ּ,޲˶޼,{,sZg,㓌
5580051,,ּ,˶޼,{,sZg,l
5580041,,ּ,нּ,{,sZg,Zg
5580023,,ּ,ɳ,{,sZg,RV
5580024,,ּ,ɳ,{,sZg,RV
5460000,,˶޼ּ,ƹŲޱ,{,sZg,ȉɌfڂȂꍇ
5460003,,˶޼ּ,϶,{,sZg,
5460001,,˶޼ּ,Լ,{,sZg,
5460044,,˶޼ּ,,{,sZg,kc
5460002,,˶޼ּ,,{,sZg,YS
5460041,,˶޼ּ,,{,sZg,K
5460024,,˶޼ּ,,{,sZg,c
5460043,,˶޼ּ,϶,{,sZg,
5460022,,˶޼ּ,ݼ,{,sZg,Zc
5460014,,˶޼ּ,,{,sZg,鍇
5460031,,˶޼ּ,,{,sZg,c
5460021,,˶޼ּ,ٶ޵,{,sZg,ƃPuc
5460012,,˶޼ּ,Ŷ,{,sZg,
5460034,,˶޼ּ,Ŷ޲,{,sZg,
5460042,,˶޼ּ,Ƽ϶,{,sZg,
5460011,,˶޼ּ,Ŷ,{,sZg,j
5460032,,˶޼ּ,˶޼,{,sZg,c
5460033,,˶޼ּ,,{,sZg,c
5460023,,˶޼ּ,,{,sZg,c
5460035,,˶޼ּ,ϻ,{,sZg,R
5460013,,˶޼ּ,ջ,{,sZg,
5570000,,Ƽظ,ƹŲޱ,{,s,ȉɌfڂȂꍇ
5570032,,Ƽظ,,{,s,
5570041,,Ƽظ,ɻ,{,s,ݗ
5570042,,Ƽظ,ɻ˶޼,{,s,ݗ
5570061,,Ƽظ,,{,s,kÎ
5570021,,Ƽظ,׷,{,s,kJ
5570001,,Ƽظ,ɳ,{,s,R
5570052,,Ƽظ,,{,s,H
5570012,,Ƽظ,ݼ,{,s,V
5570054,,Ƽظ,Ŷ,{,s,{
5570055,,Ƽظ,,{,s,{
5570053,,Ƽظ,ݷ,{,s,{k
5570002,,Ƽظ,,{,s,q
5570051,,Ƽظ,,{,s,k
5570044,,Ƽظ,Ŷ,{,s,ʏo
5570043,,Ƽظ,˶޼,{,s,ʏo
5570045,,Ƽظ,Ƽ,{,s,ʏo
5570062,,Ƽظ,,{,s,Î
5570031,,Ƽظ,޼,{,s,ߌ
5570024,,Ƽظ,޼,{,s,o
5570014,,Ƽظ,ݶ,{,s,V
5570011,,Ƽظ,ݶ˶޼,{,s,V
5570003,,Ƽظ,ݶԷ,{,s,Vk
5570013,,Ƽظ,ݼ,{,s,V_mX
5570022,,Ƽظ,Ŷ׷,{,s,J
5570025,,Ƽظ,Ŷʼ,{,s,
5570033,,Ƽظ,޲,{,s,~
5570004,,Ƽظ,ʷ,{,s,V
5570015,,Ƽظ,ſ,{,s,ԉ
5570016,,Ƽظ,ſɷ,{,s,ԉk
5570034,,Ƽظ,,{,s,
5570063,,Ƽظ,,{,s,Î
5570023,,Ƽظ,׷,{,s,J
5320000,,޶ܸ,ƹŲޱ,{,s,ȉɌfڂȂꍇ
5320031,,޶ܸ,,{,s,
5320012,,޶ܸ,˶޼,{,s,ؐ쓌
5320013,,޶ܸ,Ƽ,{,s,ؐ쐼
5320025,,޶ܸ,ݷ,{,s,Vk
5320024,,޶ܸ,ޭ,{,s,\O{
5320028,,޶ܸ,ޭĲϻ,{,s,\O
5320023,,޶ܸ,ޭ˶޼,{,s,\O
5320001,,޶ܸ,ޭޮ,{,s,\
5320027,,޶ܸ,,{,s,c
5320021,,޶ܸ,ܷ,{,s,ck
5320026,,޶ܸ,¶,{,s,˖{
5320033,,޶ܸ,Ʋ,{,s,V
5320011,,޶ܸ,ƼŶ,{,s,
5320006,,޶ܸ,Ƽи,{,s,O
5320004,,޶ܸ,Ƽ,{,s,{
5320022,,޶ܸ,Ŷ,{,s,쒆
5320034,,޶ܸ,Ŷ,{,s,쒆k
5320002,,޶ܸ,˶޼и,{,s,O
5320005,,޶ܸ,и,{,s,O{
5320036,,޶ܸ,Ŷ,{,s,OÉ
5320035,,޶ܸ,,{,s,OÉ
5320032,,޶ܸ,Է,{,s,OÉk
5320003,,޶ܸ,,{,s,{
5380000,,и,ƹŲޱ,{,sߌ,ȉɌfڂȂꍇ
5380042,,и,Ŷ,{,sߌ,Ò
5380043,,и,,{,sߌ,Ó
5380041,,и,޷,{,sߌ,Ök
5380053,,и,,{,sߌ,ߌ
5380034,,и,ĸ,{,sߌ,
5380033,,и,Ŷ,{,sߌ,
5380044,,и,˶޼,{,sߌ,o
5380035,,и,,{,sߌ,l
5380031,,и,,{,sߌ,c{
5380054,,и,,{,sߌ,
5380051,,и,۸,{,sߌ,
5380037,,и,Թ,{,sߌ,Ė
5380032,,и,Խ,{,sߌ,c
5380052,,и,ֺ,{,sߌ,
5380036,,и,خ,{,sߌ,Βn
5590000,,ɴ,ƹŲޱ,{,sZV],ȉɌfڂȂꍇ
5590003,,ɴ,ح,{,sZV],
5590023,,ɴ,,{,sZV],
5590011,,ɴ,,{,sZV],kꉮ
5590014,,ɴ,,{,sZV],k
5590001,,ɴ,,{,sZV],l
5590007,,ɴ,Ƽ,{,sZV],l
5590021,,ɴ,,{,sZV],ĒJ
5590024,,ɴ,ݷ,{,sZV],Vk
5590004,,ɴ,ɴ,{,sZV],ZV]
5590017,,ɴ,Ŷ,{,sZV],ꉮ
5590033,,ɴ,ݺŶ,{,sZV],`
5590031,,ɴ,ݺ˶޼,{,sZV],`
5590032,,ɴ,ݺ,{,sZV],`
5590034,,ɴ,ݺ,{,sZV],`k
5590016,,ɴ,Ƽ,{,sZV],ꉮ
5590005,,ɴ,Ƽɴ,{,sZV],ZV]
5590002,,ɴ,ϸ˶޼,{,sZV],l
5590006,,ɴ,ϸƼ,{,sZV],l
5590012,,ɴ,˶޼,{,sZV],ꉮ
5590025,,ɴ,Լ,{,sZV],ѓ
5590026,,ɴ,Լ,{,sZV],іk
5590013,,ɴ,л,{,sZV],
5590022,,ɴ,ط,{,sZV],Ζ
5590015,,ɴ,ж,{,sZV],ꉮ
5470000,,ɸ,ƹŲޱ,{,s,ȉɌfڂȂꍇ
5470024,,ɸ,,{,s,Zj
5470022,,ɸ,˶޼,{,s,Zj
5470025,,ɸ,Ƽ,{,s,Zj
5470023,,ɸ,,{,s,Zj
5470004,,ɸ,и¸,{,s,ƍ
5470006,,ɸ,м,{,s,o
5470002,,ɸ,˶޼,{,s,
5470005,,ɸ,Ƽ,{,s,
5470003,,ɸ,,{,s,
5470001,,ɸ,з,{,s,k
5470027,,ɸ,,{,s,A
5470021,,ɸ,˶޼,{,s,A
5470026,,ɸ,Ƽ,{,s,A
5470034,,ɸ,ĸ,{,s,wˌ
5470014,,ɸ,Ŷּ,{,s,g
5470011,,ɸ,Ŷּ,{,s,go
5470016,,ɸ,ŶּŶ,{,s,g
5470013,,ɸ,ŶּŶ˶޼,{,s,g
5470015,,ɸ,ŶּŶƼ,{,s,g
5470012,,ɸ,Ŷּ۸,{,s,gZ
5470032,,ɸ,Ŷ,{,s,
5470035,,ɸ,Ƽܷ,{,s,e
5470042,,ɸ,ɲ,{,s,s
5470045,,ɸ,ɳ,{,s,㒬
5470048,,ɸ,,{,s,n
5470044,,ɸ,,{,s,{
5470046,,ɸ,,{,s,{
5470047,,ɸ,,{,s,쌳
5470043,,ɸ,˶޼,{,s,쓌
5470033,,ɸ,Ƽ,{,s,쐼
5470031,,ɸ,,{,s,
5470041,,ɸ,ɷ,{,s,k
5300000,,,ƹŲޱ,{,sk,ȉɌfڂȂꍇ
5300033,,,,{,sk,rc
5300021,,,,{,sk,c
5300001,,,,{,sk,~c
5300025,,,,{,sk,
5300011,,,̶,{,sk,[
5310076,,,Ŷ(·٦ɿ޸),{,sk,嗄ĩrj
5316090,,,Ŷ޽ܰ(Ҳ),{,sk,嗄~cXJCr^[C[XginKEKwsj
5316001,,,Ŷ޽ܰ(1),{,sk,嗄~cXJCr^[C[XgiPKj
5316002,,,Ŷ޽ܰ(2),{,sk,嗄~cXJCr^[C[XgiQKj
5316003,,,Ŷ޽ܰ(3),{,sk,嗄~cXJCr^[C[XgiRKj
5316004,,,Ŷ޽ܰ(4),{,sk,嗄~cXJCr^[C[XgiSKj
5316005,,,Ŷ޽ܰ(5),{,sk,嗄~cXJCr^[C[XgiTKj
5316006,,,Ŷ޽ܰ(6),{,sk,嗄~cXJCr^[C[XgiUKj
5316007,,,Ŷ޽ܰ(7),{,sk,嗄~cXJCr^[C[XgiVKj
5316008,,,Ŷ޽ܰ(8),{,sk,嗄~cXJCr^[C[XgiWKj
5316009,,,Ŷ޽ܰ(9),{,sk,嗄~cXJCr^[C[XgiXKj
5316010,,,Ŷ޽ܰ(10),{,sk,嗄~cXJCr^[C[XgiPOKj
5316011,,,Ŷ޽ܰ(11),{,sk,嗄~cXJCr^[C[XgiPPKj
5316012,,,Ŷ޽ܰ(12),{,sk,嗄~cXJCr^[C[XgiPQKj
5316013,,,Ŷ޽ܰ(13),{,sk,嗄~cXJCr^[C[XgiPRKj
5316014,,,Ŷ޽ܰ(14),{,sk,嗄~cXJCr^[C[XgiPSKj
5316015,,,Ŷ޽ܰ(15),{,sk,嗄~cXJCr^[C[XgiPTKj
5316016,,,Ŷ޽ܰ(16),{,sk,嗄~cXJCr^[C[XgiPUKj
5316017,,,Ŷ޽ܰ(17),{,sk,嗄~cXJCr^[C[XgiPVKj
5316018,,,Ŷ޽ܰ(18),{,sk,嗄~cXJCr^[C[XgiPWKj
5316019,,,Ŷ޽ܰ(19),{,sk,嗄~cXJCr^[C[XgiPXKj
5316020,,,Ŷ޽ܰ(20),{,sk,嗄~cXJCr^[C[XgiQOKj
5316021,,,Ŷ޽ܰ(21),{,sk,嗄~cXJCr^[C[XgiQPKj
5316022,,,Ŷ޽ܰ(22),{,sk,嗄~cXJCr^[C[XgiQQKj
5316023,,,Ŷ޽ܰ(23),{,sk,嗄~cXJCr^[C[XgiQRKj
5316024,,,Ŷ޽ܰ(24),{,sk,嗄~cXJCr^[C[XgiQSKj
5316025,,,Ŷ޽ܰ(25),{,sk,嗄~cXJCr^[C[XgiQTKj
5316026,,,Ŷ޽ܰ(26),{,sk,嗄~cXJCr^[C[XgiQUKj
5316027,,,Ŷ޽ܰ(27),{,sk,嗄~cXJCr^[C[XgiQVKj
5316028,,,Ŷ޽ܰ(28),{,sk,嗄~cXJCr^[C[XgiQWKj
5316029,,,Ŷ޽ܰ(29),{,sk,嗄~cXJCr^[C[XgiQXKj
5316030,,,Ŷ޽ܰ(30),{,sk,嗄~cXJCr^[C[XgiROKj
5316031,,,Ŷ޽ܰ(31),{,sk,嗄~cXJCr^[C[XgiRPKj
5316032,,,Ŷ޽ܰ(32),{,sk,嗄~cXJCr^[C[XgiRQKj
5316033,,,Ŷ޽ܰ(33),{,sk,嗄~cXJCr^[C[XgiRRKj
5316034,,,Ŷ޽ܰ(34),{,sk,嗄~cXJCr^[C[XgiRSKj
5316035,,,Ŷ޽ܰ(35),{,sk,嗄~cXJCr^[C[XgiRTKj
5316036,,,Ŷ޽ܰ(36),{,sk,嗄~cXJCr^[C[XgiRUKj
5316037,,,Ŷ޽ܰ(37),{,sk,嗄~cXJCr^[C[XgiRVKj
5316038,,,Ŷ޽ܰ(38),{,sk,嗄~cXJCr^[C[XgiRWKj
5316039,,,Ŷ޽ܰ(39),{,sk,嗄~cXJCr^[C[XgiRXKj
5316190,,,Ŷ޽ܰ(Ҳ),{,sk,嗄~cXJCr^[EGXginKEKwsj
5316101,,,Ŷ޽ܰ(1),{,sk,嗄~cXJCr^[EGXgiPKj
5316102,,,Ŷ޽ܰ(2),{,sk,嗄~cXJCr^[EGXgiQKj
5316103,,,Ŷ޽ܰ(3),{,sk,嗄~cXJCr^[EGXgiRKj
5316104,,,Ŷ޽ܰ(4),{,sk,嗄~cXJCr^[EGXgiSKj
5316105,,,Ŷ޽ܰ(5),{,sk,嗄~cXJCr^[EGXgiTKj
5316106,,,Ŷ޽ܰ(6),{,sk,嗄~cXJCr^[EGXgiUKj
5316107,,,Ŷ޽ܰ(7),{,sk,嗄~cXJCr^[EGXgiVKj
5316108,,,Ŷ޽ܰ(8),{,sk,嗄~cXJCr^[EGXgiWKj
5316109,,,Ŷ޽ܰ(9),{,sk,嗄~cXJCr^[EGXgiXKj
5316110,,,Ŷ޽ܰ(10),{,sk,嗄~cXJCr^[EGXgiPOKj
5316111,,,Ŷ޽ܰ(11),{,sk,嗄~cXJCr^[EGXgiPPKj
5316112,,,Ŷ޽ܰ(12),{,sk,嗄~cXJCr^[EGXgiPQKj
5316113,,,Ŷ޽ܰ(13),{,sk,嗄~cXJCr^[EGXgiPRKj
5316114,,,Ŷ޽ܰ(14),{,sk,嗄~cXJCr^[EGXgiPSKj
5316115,,,Ŷ޽ܰ(15),{,sk,嗄~cXJCr^[EGXgiPTKj
5316116,,,Ŷ޽ܰ(16),{,sk,嗄~cXJCr^[EGXgiPUKj
5316117,,,Ŷ޽ܰ(17),{,sk,嗄~cXJCr^[EGXgiPVKj
5316118,,,Ŷ޽ܰ(18),{,sk,嗄~cXJCr^[EGXgiPWKj
5316119,,,Ŷ޽ܰ(19),{,sk,嗄~cXJCr^[EGXgiPXKj
5316120,,,Ŷ޽ܰ(20),{,sk,嗄~cXJCr^[EGXgiQOKj
5316121,,,Ŷ޽ܰ(21),{,sk,嗄~cXJCr^[EGXgiQPKj
5316122,,,Ŷ޽ܰ(22),{,sk,嗄~cXJCr^[EGXgiQQKj
5316123,,,Ŷ޽ܰ(23),{,sk,嗄~cXJCr^[EGXgiQRKj
5316124,,,Ŷ޽ܰ(24),{,sk,嗄~cXJCr^[EGXgiQSKj
5316125,,,Ŷ޽ܰ(25),{,sk,嗄~cXJCr^[EGXgiQTKj
5316126,,,Ŷ޽ܰ(26),{,sk,嗄~cXJCr^[EGXgiQUKj
5316127,,,Ŷ޽ܰ(27),{,sk,嗄~cXJCr^[EGXgiQVKj
5316128,,,Ŷ޽ܰ(28),{,sk,嗄~cXJCr^[EGXgiQWKj
5316129,,,Ŷ޽ܰ(29),{,sk,嗄~cXJCr^[EGXgiQXKj
5316130,,,Ŷ޽ܰ(30),{,sk,嗄~cXJCr^[EGXgiROKj
5316131,,,Ŷ޽ܰ(31),{,sk,嗄~cXJCr^[EGXgiRPKj
5316132,,,Ŷ޽ܰ(32),{,sk,嗄~cXJCr^[EGXgiRQKj
5316133,,,Ŷ޽ܰ(33),{,sk,嗄~cXJCr^[EGXgiRRKj
5316134,,,Ŷ޽ܰ(34),{,sk,嗄~cXJCr^[EGXgiRSKj
5316135,,,Ŷ޽ܰ(35),{,sk,嗄~cXJCr^[EGXgiRTKj
5316136,,,Ŷ޽ܰ(36),{,sk,嗄~cXJCr^[EGXgiRUKj
5316137,,,Ŷ޽ܰ(37),{,sk,嗄~cXJCr^[EGXgiRVKj
5316138,,,Ŷ޽ܰ(38),{,sk,嗄~cXJCr^[EGXgiRWKj
5316139,,,Ŷ޽ܰ(39),{,sk,嗄~cXJCr^[EGXgiRXKj
5310075,,,,{,sk,嗄
5310077,,,޷,{,sk,嗄k
5300017,,,,{,sk,pc
5300026,,,,{,sk,_R
5300031,,,ݴ,{,sk,h
5300023,,,ۻ,{,sk,蒬
5300038,,,޲,{,sk,g~
5310064,,,ݼ,{,sk,
5300018,,,,{,sk,
5300012,,,,{,sk,œc
5300053,,,,{,sk,L
5300046,,,,{,sk,
5300057,,,Ȼ޷,{,sk,]
5300002,,,Ȼ޷,{,sk,]Vn
5300051,,,ճ,{,sk,Z
5300013,,,,{,sk,
5300014,,,,{,sk,ߖ쒬
5300045,,,ݼƼ,{,sk,V_
5300041,,,ݼ޼(1-6),{,sk,V_iP`Uځj
5310041,,,ݼ޼(78),{,sk,V_iVAWځj
5300043,,,,{,sk,V
5300042,,,޼(·٦ɿ޸),{,sk,Vĩrj
5306090,,,޼OAPܰ(Ҳ),{,sk,Vn`o^[inKEKwsj
5306001,,,޼OAPܰ(1),{,sk,Vn`o^[iPKj
5306002,,,޼OAPܰ(2),{,sk,Vn`o^[iQKj
5306003,,,޼OAPܰ(3),{,sk,Vn`o^[iRKj
5306004,,,޼OAPܰ(4),{,sk,Vn`o^[iSKj
5306005,,,޼OAPܰ(5),{,sk,Vn`o^[iTKj
5306006,,,޼OAPܰ(6),{,sk,Vn`o^[iUKj
5306007,,,޼OAPܰ(7),{,sk,Vn`o^[iVKj
5306008,,,޼OAPܰ(8),{,sk,Vn`o^[iWKj
5306009,,,޼OAPܰ(9),{,sk,Vn`o^[iXKj
5306010,,,޼OAPܰ(10),{,sk,Vn`o^[iPOKj
5306011,,,޼OAPܰ(11),{,sk,Vn`o^[iPPKj
5306012,,,޼OAPܰ(12),{,sk,Vn`o^[iPQKj
5306013,,,޼OAPܰ(13),{,sk,Vn`o^[iPRKj
5306014,,,޼OAPܰ(14),{,sk,Vn`o^[iPSKj
5306015,,,޼OAPܰ(15),{,sk,Vn`o^[iPTKj
5306016,,,޼OAPܰ(16),{,sk,Vn`o^[iPUKj
5306017,,,޼OAPܰ(17),{,sk,Vn`o^[iPVKj
5306018,,,޼OAPܰ(18),{,sk,Vn`o^[iPWKj
5306019,,,޼OAPܰ(19),{,sk,Vn`o^[iPXKj
5306020,,,޼OAPܰ(20),{,sk,Vn`o^[iQOKj
5306021,,,޼OAPܰ(21),{,sk,Vn`o^[iQPKj
5306022,,,޼OAPܰ(22),{,sk,Vn`o^[iQQKj
5306023,,,޼OAPܰ(23),{,sk,Vn`o^[iQRKj
5306024,,,޼OAPܰ(24),{,sk,Vn`o^[iQSKj
5306025,,,޼OAPܰ(25),{,sk,Vn`o^[iQTKj
5306026,,,޼OAPܰ(26),{,sk,Vn`o^[iQUKj
5306027,,,޼OAPܰ(27),{,sk,Vn`o^[iQVKj
5306028,,,޼OAPܰ(28),{,sk,Vn`o^[iQWKj
5306029,,,޼OAPܰ(29),{,sk,Vn`o^[iQXKj
5306030,,,޼OAPܰ(30),{,sk,Vn`o^[iROKj
5306031,,,޼OAPܰ(31),{,sk,Vn`o^[iRPKj
5306032,,,޼OAPܰ(32),{,sk,Vn`o^[iRQKj
5306033,,,޼OAPܰ(33),{,sk,Vn`o^[iRRKj
5306034,,,޼OAPܰ(34),{,sk,Vn`o^[iRSKj
5306035,,,޼OAPܰ(35),{,sk,Vn`o^[iRTKj
5306036,,,޼OAPܰ(36),{,sk,Vn`o^[iRUKj
5306037,,,޼OAPܰ(37),{,sk,Vn`o^[iRVKj
5306038,,,޼OAPܰ(38),{,sk,Vn`o^[iRWKj
5306039,,,޼OAPܰ(39),{,sk,Vn`o^[iRXKj
5300003,,,޳,{,sk,
5300004,,,޳,{,sk,l
5300035,,,޳,{,sk,S
5300027,,,޳,{,sk,R
5300056,,,Ķ,{,sk,e쒬
5310072,,,ֻ,{,sk,L
5300016,,,Ŷ޷,{,sk,
5300015,,,Ŷ޷Ƽ,{,sk,萼
5310071,,,Ŷ,{,sk,
5300005,,,Ŷɼ,{,sk,V
5310062,,,ŶŶ,{,sk,
5310063,,,Ŷ˶޼,{,sk,
5310061,,,ŶƼ,{,sk,
5300022,,,,{,sk,QԒ
5300034,,,Ƽ,{,sk,ђ
5300047,,,Ƽ,{,sk,V
5300055,,,ɻ޷,{,sk,蒬
5300028,,,ݻ޲,{,sk,Β
5300044,,,˶޼,{,sk,V
5300032,,,ɸ,{,sk,V
5310074,,,ݼޮ˶޼,{,sk,{
5310073,,,ݼޮƼ,{,sk,{
5300037,,,¶޴,{,sk,P}
5300052,,,е,{,sk,
5300054,,,,{,sk,X
5300024,,,ϻ޷,{,sk,R蒬
5300036,,,ط,{,sk,^͒
5390000,,,ƹŲޱ,{,s,ȉɌfڂȂꍇ
5410052,,,,{,s,y
5410047,,,ܼ,{,s,WH
5420061,,,޳,{,s,
5400019,,,,{,s,a
5400022,,,,{,s,
5410042,,,޼,{,s,
5420064,,,,{,s,㎬
5420062,,,Ƽ,{,s,{
5400005,,,,{,s,㒬
5400038,,,ܼ,{,s,WH
5400013,,,γ,{,s,v󎛒
5400037,,,,{,s,쒬
5400026,,,,{,s,{
5400002,,,ޮ,{,s,
5400021,,,޵,{,s,
5400008,,,ϴ,{,s,O
5410048,,,,{,s,
5420066,,,,{,s,
5400016,,,ݻ޷,{,s,_蒬
5410057,,,γ,{,s,kv󎛒
5400023,,,,{,s,kV
5410041,,,,{,s,kl
5400031,,,˶޼,{,s,kl
5410056,,,۳,{,s,vY
5420072,,,,{,s,
5410043,,,ײ޼,{,s,틴
5400018,,,,{,s,쒬
5400033,,,,{,s,Β
5400010,,,޲Ӹ,{,s,ޖؒ
5420082,,,ɳ,{,s,V
5400034,,,,{,s,
5400015,,,ޭƹ,{,s,\񌬒
5400001,,,(·٦ɿ޸),{,s,錩ĩrj
5406127,,,дѱިܰ(27),{,s,錩lhc^[iQVKj
5406128,,,дѱިܰ(28),{,s,錩lhc^[iQWKj
5406129,,,дѱިܰ(29),{,s,錩lhc^[iQXKj
5406130,,,дѱިܰ(30),{,s,錩lhc^[iROKj
5406131,,,дѱިܰ(31),{,s,錩lhc^[iRPKj
5406132,,,дѱިܰ(32),{,s,錩lhc^[iRQKj
5406133,,,дѱިܰ(33),{,s,錩lhc^[iRRKj
5406134,,,дѱިܰ(34),{,s,錩lhc^[iRSKj
5406135,,,дѱިܰ(35),{,s,錩lhc^[iRTKj
5406136,,,дѱިܰ(36),{,s,錩lhc^[iRUKj
5406137,,,дѱިܰ(37),{,s,錩lhc^[iRVKj
5406138,,,дѱިܰ(38),{,s,錩lhc^[iRWKj
5406090,,,иؽܰ(Ҳ),{,s,錩NX^^[inKEKwsj
5406001,,,иؽܰ(1),{,s,錩NX^^[iPKj
5406002,,,иؽܰ(2),{,s,錩NX^^[iQKj
5406003,,,иؽܰ(3),{,s,錩NX^^[iRKj
5406004,,,иؽܰ(4),{,s,錩NX^^[iSKj
5406005,,,иؽܰ(5),{,s,錩NX^^[iTKj
5406006,,,иؽܰ(6),{,s,錩NX^^[iUKj
5406007,,,иؽܰ(7),{,s,錩NX^^[iVKj
5406008,,,иؽܰ(8),{,s,錩NX^^[iWKj
5406009,,,иؽܰ(9),{,s,錩NX^^[iXKj
5406010,,,иؽܰ(10),{,s,錩NX^^[iPOKj
5406011,,,иؽܰ(11),{,s,錩NX^^[iPPKj
5406012,,,иؽܰ(12),{,s,錩NX^^[iPQKj
5406013,,,иؽܰ(13),{,s,錩NX^^[iPRKj
5406014,,,иؽܰ(14),{,s,錩NX^^[iPSKj
5406203,,,ſƯܰ(3),{,s,錩pi\jbN^[iRKj
5406204,,,ſƯܰ(4),{,s,錩pi\jbN^[iSKj
5406205,,,ſƯܰ(5),{,s,錩pi\jbN^[iTKj
5406206,,,ſƯܰ(6),{,s,錩pi\jbN^[iUKj
5406207,,,ſƯܰ(7),{,s,錩pi\jbN^[iVKj
5406208,,,ſƯܰ(8),{,s,錩pi\jbN^[iWKj
5406209,,,ſƯܰ(9),{,s,錩pi\jbN^[iXKj
5406210,,,ſƯܰ(10),{,s,錩pi\jbN^[iPOKj
5406211,,,ſƯܰ(11),{,s,錩pi\jbN^[iPPKj
5406212,,,ſƯܰ(12),{,s,錩pi\jbN^[iPQKj
5406213,,,ſƯܰ(13),{,s,錩pi\jbN^[iPRKj
5406214,,,ſƯܰ(14),{,s,錩pi\jbN^[iPSKj
5406215,,,ſƯܰ(15),{,s,錩pi\jbN^[iPTKj
5406216,,,ſƯܰ(16),{,s,錩pi\jbN^[iPUKj
5406217,,,ſƯܰ(17),{,s,錩pi\jbN^[iPVKj
5406218,,,ſƯܰ(18),{,s,錩pi\jbN^[iPWKj
5406219,,,ſƯܰ(19),{,s,錩pi\jbN^[iPXKj
5406220,,,ſƯܰ(20),{,s,錩pi\jbN^[iQOKj
5406221,,,ſƯܰ(21),{,s,錩pi\jbN^[iQPKj
5406222,,,ſƯܰ(22),{,s,錩pi\jbN^[iQQKj
5406223,,,ſƯܰ(23),{,s,錩pi\jbN^[iQRKj
5406224,,,ſƯܰ(24),{,s,錩pi\jbN^[iQSKj
5406225,,,ſƯܰ(25),{,s,錩pi\jbN^[iQTKj
5406226,,,ſƯܰ(26),{,s,錩pi\jbN^[iQUKj
5406227,,,ſƯܰ(27),{,s,錩pi\jbN^[iQVKj
5406228,,,ſƯܰ(28),{,s,錩pi\jbN^[iQWKj
5406315,,,¼߰(15),{,s,錩hloriPTKj
5406316,,,¼߰(16),{,s,錩hloriPUKj
5406317,,,¼߰(17),{,s,錩hloriPVKj
5406318,,,¼߰(18),{,s,錩hloriPWKj
5406319,,,¼߰(19),{,s,錩hloriPXKj
5406320,,,¼߰(20),{,s,錩hloriQOKj
5406321,,,¼߰(21),{,s,錩hloriQPKj
5406322,,,¼߰(22),{,s,錩hloriQQKj
5406323,,,¼߰(23),{,s,錩hloriQRKj
5406324,,,¼߰(24),{,s,錩hloriQSKj
5406325,,,¼߰(25),{,s,錩hloriQTKj
5406326,,,¼߰(26),{,s,錩hloriQUKj
5420085,,,ݻ޼,{,s,S֋
5420074,,,ϴ,{,s,O
5410055,,,,{,s,Dꒆ
5420084,,,,{,s,@Eq咬
5400012,,,(1-5),{,s,JiP`Tځj
5420012,,,(6-9),{,s,JiU`Xځj
5400004,,,¸,{,s,ʑ
5400035,,,ض,{,s,ޏ
5400032,,,޼,{,s,V
5420063,,,ĳͲ,{,s,
5400028,,,ķ,{,s,Ւ
5400025,,,ĸ,{,s,䒬
5420077,,,޳(1˶޼),{,s,ږxiPړj
5420071,,,޳(),{,s,ږxȋj
5410045,,,޼,{,s,C
5420065,,,Ŷ,{,s,
5420076,,,,{,s,g
5420075,,,޾ϴ,{,s,gO
5900156,,,,{,s,t
5900018,,,ϲ,{,s,r
5900112,,,,{,s,⎺
5998244,,,,{,s,V
5938301,,,ɼ,{,s,Œ
5938303,,,ɼѺ޵,{,s,ŌPu
5900065,,,,{,s,i㒬
5900027,,,ɷ,{,s,|
5938304,,,׼,{,s,ƌ
5900985,,,޽,{,s,^
5900945,,,޽˶޼,{,s,^V
5900948,,,޽Ƽ,{,s,^V
5900824,,,,{,s,V
5900954,,,˶޼,{,s,咬
5900959,,,Ƽ,{,s,咬
5938324,,,˶޼,{,s,P
5938326,,,Ƽ,{,s,P
5938325,,,,{,s,P쒬
5938328,,,ط,{,s,Pk
5938327,,,Ŷ,{,s,P
5998233,,,ɼ,{,s,Œ
5900975,,,Ŷ,{,s,l
5900977,,,Ƽ,{,s,l
5900976,,,,{,s,l쒬
5900974,,,Ϸ,{,s,lk
5900153,,,,{,s,뎛
5998126,,,,{,s,
5900145,,,,{,s,X
5900061,,,޼,{,s,
5918007,,,,{,s,{
5900001,,,ص,{,s,쒬
5900982,,,,{,s,CR
5900953,,,˶޼,{,s,b㒬
5900950,,,Ƽ,{,s,b㒬
5900011,,,ض޵,{,s,Pu
5998231,,,޸,{,s,w
5900837,,,ܷ,{,s,ؒ
5900827,,,޵,{,s,t
5900812,,,ж޵,{,s,Pu
5900121,,,,{,s,Б
5918022,,,ŵ,{,s,
5900122,,,,{,s,
5938311,,,,{,s,
5900813,,,в,{,s,_ΎsV
5900138,,,޲,{,s,J
5900984,,,,{,s,_Ӓ
5900941,,,޲ӸƼ,{,s,ޖؒ
5900051,,,ܲ޵,{,s,K
5900971,,,޼,{,s,h
5900123,,,,{,s,t
5900924,,,˶޼,{,s,V
5900927,,,Ƽ,{,s,V
5900031,,,·,{,s,܌
5900046,,,ݼޮ޵,{,s,O
5900906,,,޳,{,s,O
5900981,,,,{,s,l
5900045,,,ޮ޵,{,s,l
5900042,,,ޮ޵,{,s,
5900913,,,޳˶޼,{,s,
5900911,,,޳Ƽ,{,s,
5918041,,,˶޼,{,s,_
5900013,,,Ƽ,{,s,_
5938329,,,,{,s,c
5900955,,,˶޼,{,s,h@
5900958,,,Ƽ,{,s,h@
5900936,,,˶޼,{,s,h
5900937,,,Ƽ,{,s,h
5900963,,,ݼ˶޼,{,s,ю
5900960,,,ݼƼ,{,s,ю
5998122,,,ޮ۸,{,s,Z
5900825,,,޵,{,s,a
5998107,,,׻,{,s,뒬
5900137,,,޲,{,s,R
5918021,,,ݶŵ,{,s,V
5998232,,,ݹ,{,s,Vƒ
5900964,,,ݻ޲˶޼,{,s,V݉ƒ
5900969,,,ݻ޲Ƽ,{,s,V݉ƒ
5900143,,,ɵ޲,{,s,Vw
5918005,,,,{,s,Vx
5900056,,,޵,{,s,_ے
5900079,,,,{,s,V
5900935,,,Ҳ˶޼,{,s,_
5900938,,,ҲƼ,{,s,_
5900826,,,޵,{,s,
5900002,,,,{,s,
5900973,,,ּ޼,{,s,Zg
5998115,,,,{,s,֒
5918003,,,޳,{,s,D
5900801,,,޲Ŷ,{,s,咆
5900821,,,޲Ƽ,{,s,吼
5900035,,,޲,{,s,咬
5900022,,,Ŷиƶ޵,{,s,OPu
5918012,,,Ŷ,{,s,
5918023,,,Ŷӽ,{,s,S㒹
5900063,,,ŶԽ,{,s,䒬
5918025,,,Ŷ޿,{,s,\
5900912,,,,{,s,
5998252,,,,{,s,t
5900811,,,خ,{,s,˒
5900066,,,Ʒܲ,{,s,
5900932,,,Ƽ˶޼,{,s,єV
5900931,,,ƼƼ,{,s,єV
5900032,,,ƼŶϴ,{,s,iR
5998125,,,Ƽ,{,s,
5900835,,,Ƽ,{,s,
5900047,,,Ƽޮ޵,{,s,
5900133,,,ܼ޲,{,s,
5998116,,,ɼ,{,s,K
5918013,,,ĳ,{,s,쉓
5900155,,,ɲ,{,s,X
5998238,,,ʾ,{,s,yt
5900124,,,,{,s,
5900125,,,ȼ,{,s,P
5928334,,,ײŶ,{,s,lΒÒ
5928335,,,ײ˶޼,{,s,lΒÒ
5928333,,,ײƼ,{,s,lΒÒ
5928346,,,׺,{,s,l
5928345,,,׼,{,s,la
5928348,,,׽Ŷ,{,s,lzKX
5928349,,,׽˶޼,{,s,lzKX
5928347,,,׽Ƽ,{,s,lzKX
5928341,,,ŵ˶޼,{,s,lD
5928342,,,ŵƼ,{,s,lD
5928344,,,,{,s,l쒬
5928343,,,,{,s,l
5938317,,,,{,s,c
5900132,,,޲,{,s,R
5900113,,,޲,{,s,
5998265,,,Ƽ,{,s,c
5998262,,,޷,{,s,ck
5998263,,,,{,s,cV
5938306,,,޲(40-1-40-3),{,s,ciSO|P`SO|RԒnj
5998267,,,޲(),{,s,cȋj
5918008,,,˶޼,{,s,󍁎R
5900073,,,кֳ,{,s,z
5900005,,,мн,{,s,쐴
5900008,,,м,{,s,쏯
5900904,,,м,{,s,쓇
5900015,,,޲,{,s,co䒬
5918045,,,Ŷ޵,{,s,쒷
5998124,,,,{,s,c
5900965,,,˶޼,{,s,엷U
5900968,,,Ƽ,{,s,엷U
5900075,,,޸,{,s,ԓc
5918011,,,,{,s,ԓc
5900966,,,˶޼,{,s,씼
5900967,,,Ƽ,{,s,씼
5900036,,,δ,{,s,ەۉ
5900023,,,иƶ޵,{,s,OPu
5900064,,,Խ,{,s,䒬
5998243,,,,{,s,R
5900111,,,޲,{,s,O
5870003,,,,{,s,
5870066,,,,{,s,Ό
5870061,,,ϲ,{,s,
5870063,,,ܲ,{,s,
5870051,,,,{,s,k]
5870053,,,Ƽ,{,s,k]
5870002,,,,{,s,R
5870065,,,,{,s,
5870021,,,׵,{,s,
5870031,,,·Ƽ,{,s,쐼
5870032,,,·˶޼,{,s,쓌
5870013,,,߸,{,s,^
5870041,,,޳,{,s,
5870043,,,޲,{,s,
5870062,,,,{,s,
5870001,,,޲,{,s,
5870012,,,޲,{,s,
5870011,,,ݼޮ,{,s,O
5870014,,,,{,s,O
5870022,,,׵,{,s,
5870064,,,޲,{,s,
5870052,,,б,{,s,]
5870054,,,бƼ,{,s,]
5870042,,,Ӹ޲޵,{,s,؍ޒ
5406190,,,дѱިܰ(Ҳ),{,s,錩lhc^[inKEKwsj
5406101,,,дѱިܰ(1),{,s,錩lhc^[iPKj
5406102,,,дѱިܰ(2),{,s,錩lhc^[iQKj
5406103,,,дѱިܰ(3),{,s,錩lhc^[iRKj
5406104,,,дѱިܰ(4),{,s,錩lhc^[iSKj
5406105,,,дѱިܰ(5),{,s,錩lhc^[iTKj
5406106,,,дѱިܰ(6),{,s,錩lhc^[iUKj
5406107,,,дѱިܰ(7),{,s,錩lhc^[iVKj
5406108,,,дѱިܰ(8),{,s,錩lhc^[iWKj
5406109,,,дѱިܰ(9),{,s,錩lhc^[iXKj
5406110,,,дѱިܰ(10),{,s,錩lhc^[iPOKj
5406111,,,дѱިܰ(11),{,s,錩lhc^[iPPKj
5406112,,,дѱިܰ(12),{,s,錩lhc^[iPQKj
5406113,,,дѱިܰ(13),{,s,錩lhc^[iPRKj
5406114,,,дѱިܰ(14),{,s,錩lhc^[iPSKj
5406115,,,дѱިܰ(15),{,s,錩lhc^[iPTKj
5406116,,,дѱިܰ(16),{,s,錩lhc^[iPUKj
5406117,,,дѱިܰ(17),{,s,錩lhc^[iPVKj
5406118,,,дѱިܰ(18),{,s,錩lhc^[iPWKj
5406119,,,дѱިܰ(19),{,s,錩lhc^[iPXKj
5406120,,,дѱިܰ(20),{,s,錩lhc^[iQOKj
5406121,,,дѱިܰ(21),{,s,錩lhc^[iQPKj
5406122,,,дѱިܰ(22),{,s,錩lhc^[iQQKj
5406123,,,дѱިܰ(23),{,s,錩lhc^[iQRKj
5406124,,,дѱިܰ(24),{,s,錩lhc^[iQSKj
5406125,,,дѱިܰ(25),{,s,錩lhc^[iQTKj
5406126,,,дѱިܰ(26),{,s,錩lhc^[iQUKj
5406015,,,иؽܰ(15),{,s,錩NX^^[iPTKj
5406016,,,иؽܰ(16),{,s,錩NX^^[iPUKj
5406017,,,иؽܰ(17),{,s,錩NX^^[iPVKj
5406018,,,иؽܰ(18),{,s,錩NX^^[iPWKj
5406019,,,иؽܰ(19),{,s,錩NX^^[iPXKj
5406020,,,иؽܰ(20),{,s,錩NX^^[iQOKj
5406021,,,иؽܰ(21),{,s,錩NX^^[iQPKj
5406022,,,иؽܰ(22),{,s,錩NX^^[iQQKj
5406023,,,иؽܰ(23),{,s,錩NX^^[iQRKj
5406024,,,иؽܰ(24),{,s,錩NX^^[iQSKj
5406025,,,иؽܰ(25),{,s,錩NX^^[iQTKj
5406026,,,иؽܰ(26),{,s,錩NX^^[iQUKj
5406027,,,иؽܰ(27),{,s,錩NX^^[iQVKj
5406028,,,иؽܰ(28),{,s,錩NX^^[iQWKj
5406029,,,иؽܰ(29),{,s,錩NX^^[iQXKj
5406030,,,иؽܰ(30),{,s,錩NX^^[iROKj
5406031,,,иؽܰ(31),{,s,錩NX^^[iRPKj
5406032,,,иؽܰ(32),{,s,錩NX^^[iRQKj
5406033,,,иؽܰ(33),{,s,錩NX^^[iRRKj
5406034,,,иؽܰ(34),{,s,錩NX^^[iRSKj
5406035,,,иؽܰ(35),{,s,錩NX^^[iRTKj
5406036,,,иؽܰ(36),{,s,錩NX^^[iRUKj
5406037,,,иؽܰ(37),{,s,錩NX^^[iRVKj
5406290,,,ſƯܰ(Ҳ),{,s,錩pi\jbN^[inKEKwsj
5406201,,,ſƯܰ(1),{,s,錩pi\jbN^[iPKj
5406202,,,ſƯܰ(2),{,s,錩pi\jbN^[iQKj
5406229,,,ſƯܰ(29),{,s,錩pi\jbN^[iQXKj
5406230,,,ſƯܰ(30),{,s,錩pi\jbN^[iROKj
5406231,,,ſƯܰ(31),{,s,錩pi\jbN^[iRPKj
5406232,,,ſƯܰ(32),{,s,錩pi\jbN^[iRQKj
5406233,,,ſƯܰ(33),{,s,錩pi\jbN^[iRRKj
5406234,,,ſƯܰ(34),{,s,錩pi\jbN^[iRSKj
5406235,,,ſƯܰ(35),{,s,錩pi\jbN^[iRTKj
5406236,,,ſƯܰ(36),{,s,錩pi\jbN^[iRUKj
5406237,,,ſƯܰ(37),{,s,錩pi\jbN^[iRVKj
5406238,,,ſƯܰ(38),{,s,錩pi\jbN^[iRWKj
5406390,,,¼߰(Ҳ),{,s,錩hlorinKEKwsj
5406301,,,¼߰(1),{,s,錩hloriPKj
5406302,,,¼߰(2),{,s,錩hloriQKj
5406303,,,¼߰(3),{,s,錩hloriRKj
5406304,,,¼߰(4),{,s,錩hloriSKj
5406305,,,¼߰(5),{,s,錩hloriTKj
5406306,,,¼߰(6),{,s,錩hloriUKj
5406307,,,¼߰(7),{,s,錩hloriVKj
5406308,,,¼߰(8),{,s,錩hloriWKj
5406309,,,¼߰(9),{,s,錩hloriXKj
5406310,,,¼߰(10),{,s,錩hloriPOKj
5406311,,,¼߰(11),{,s,錩hloriPPKj
5406312,,,¼߰(12),{,s,錩hloriPQKj
5406313,,,¼߰(13),{,s,錩hloriPRKj
5406314,,,¼߰(14),{,s,錩hloriPSKj
5420086,,,Ƽݻ޼,{,s,S֋
5420073,,,Ư޼,{,s,{
5400011,,,ɳ޼,{,s,_l
5410059,,,޸۳,{,s,J
5400007,,,,{,s,n꒬
5400039,,,˶޼ײ޼,{,s,틴
5420083,,,˶޼ݻ޼,{,s,S֋
5410046,,,,{,s,쒬
5410051,,,ݺ,{,s,㒬
5410044,,,̼,{,s,
5400036,,,ź,{,s,Dz
5400006,,,γݻ޶,{,s,@~
5410053,,,,{,s,{
5400029,,,޼,{,s,{
5420067,,,,{,s,
5400017,,,ּ,{,s,Zg
5410058,,,зγ,{,s,v󎛒
5400024,,,м,{,s,V
5420081,,,о,{,s,D
5410054,,,,{,s,{
5400003,,,,{,s,Xm{
5400027,,,,{,s,
5400014,,,ح޳,{,s,
5900000,,,ƹŲޱ,{,s,ȉɌfڂȂꍇ
5900144,,,޲,{,s,ԍ
5900012,,,,{,s,󍁎R
5900808,,,˶޵Ŷ,{,s,Pu
5900807,,,˶޵,{,s,Pu쒬
5900809,,,˶޵,{,s,Puk
5900055,,,޵,{,s,
5900925,,,˶޼,{,s,V
5900926,,,Ƽ,{,s,V
5928332,,,Ƽ,{,s,ΒÐ
5900823,,,޷,{,s,ΒÖk
5900814,,,,{,s,ΒÒ
5998102,,,,{,s,Ό
5900126,,,Ŷ,{,s,c
5900048,,,ޮ޵,{,s,
5900952,,,˶޼,{,s,sV
5900951,,,Ƽ,{,s,sV
5900076,,,,{,s,k
5900071,,,ֳ,{,s,kz
5900004,,,н,{,s,k
5900007,,,,{,s,k
5900017,,,޲,{,s,kco䒬
5918043,,,Ŷ޵,{,s,k
5998123,,,,{,s,kc
5900923,,,˶޼,{,s,kĒ
5900928,,,Ƽ,{,s,kĒ
5900986,,,,{,s,kg~
5900074,,,޸,{,s,kԓc
5918002,,,,{,s,kԓc
5900922,,,˶޼,{,s,k
5900921,,,Ƽ,{,s,k
5900037,,,δ,{,s,kەۉ
5900021,,,иƶ޵,{,s,kOPu
5900062,,,Խ,{,s,k䒬
5900054,,,޵,{,s,
5900822,,,,{,s,a
5900006,,,خ,{,s,ш
5900934,,,˶޼,{,s,Ԓ
5900939,,,Ƽ,{,s,Ԓ
5998127,,,,{,s,
5938312,,,,{,s,
5900944,,,˶޼,{,s,
5900949,,,Ƽ,{,s,
5900836,,,ɷ,{,s,풬
5900946,,,˶޼,{,s,F쒬
5900947,,,Ƽ,{,s,F쒬
5918004,,,ϴ,{,s,O
5900943,,,˶޼,{,s,ԔV
5900940,,,Ƽ,{,s,ԔV
5918024,,,,{,s,y
5998266,,,,{,s,ь
5938308,,,,{,s,_쒬
5900024,,,خŶ,{,s,˒
5900025,,,خ˶޼,{,s,˓
5900026,,,خƼ,{,s,ː
5998276,,,,{,s,
5998264,,,Ƽ,{,s,㐼
5938313,,,޲(292-1),{,s,iQXQ|PԒnj
5900151,,,޲(),{,s,ȋj
5900044,,,޼ޮ޵,{,s,܏
5900057,,,خ޵,{,s,˒
5900942,,,޲Ӹ˶޼,{,s,ޖؒ
5900158,,,Ͳ(696-2-696-3724-1725-1726-1727,{,s,iUXU|Q`UXU|RAVQS|PAVQT|PAVQU|PAVQV
5900158,,,728728-1729730731732733-1-,{,s,AVQWAVQW|PAVQXAVROAVRPAVRQAVRR|P`
5900158,,,733-2735786-3),{,s,VRR|QAVRTAVWU|RԒnj
5938314,,,Ͳ(),{,s,ȋj
5900157,,,,{,s,
5900117,,,޲,{,s,q
5900820,,,,{,s,
5900003,,,,{,s,{
5998121,,,,{,s,
5900105,,,޲,{,s,|
5998246,,,,{,s,c
5900014,,,޲,{,s,co䒬
5928331,,,,{,s,z`V
5928351,,,,{,s,z`l
5928352,,,Ƽ,{,s,z`l
5900987,,,,{,s,z`쒬
5900901,,,,{,s,z`
5900115,,,޲,{,s,R
5938322,,,¸,{,s,Ëv쒬
5998245,,,¼,{,s,ҔV
5938323,,,,{,s,ߓc
5900833,,,޼϶޵,{,s,oCݒ
5900831,,,޼Ƽ,{,s,o
5900832,,,޼޵,{,s,ol
5900834,,,޼,{,s,o
5900905,,,ï߳,{,s,SC
5900962,,,׼˶޼,{,s,n
5900961,,,׼Ƽ,{,s,n
5998242,,,ĳ,{,s,k
5900131,,,Ķ,{,s,
5918001,,,ķ,{,s,֒
5900104,,,Ļ޲,{,s,y
5998234,,,ĳ,{,s,y
5900127,,,и,{,s,x
5900106,,,,{,s,Lc
5900077,,,Ŷ,{,s,
5900072,,,Ŷֳ,{,s,z
5900016,,,Ŷ޲,{,s,co䒬
5998128,,,Ŷ,{,s,
5918044,,,ŶŶ޵,{,s,
5900033,,,ŶŶϴ,{,s,iR
5900956,,,Ŷ˶޼,{,s,V
5900957,,,ŶƼ,{,s,V
5900803,,,˶޼ɼ(1),{,s,ŒiPj
5918035,,,˶޼ɼ(2),{,s,ŒiQj
5900034,,,˶޼Ŷϴ,{,s,iR
5998275,,,˶޼,{,s,c
5918046,,,˶޼иƶ޵,{,s,OPu
5900829,,,˶޼,{,s,
5998247,,,˶޼,{,s,R
5998113,,,˷Ŷ,{,s,uc
5998114,,,˷Ƽ,{,s,u
5998111,,,˷,{,s,uk
5998112,,,˷,{,s,u
5998104,,,˷,{,s,쒬
5938315,,,˼,{,s,H
5900142,,,ɵ,{,s,w
5998251,,,ײ,{,s,
5938307,,,׵,{,s,
5998236,,,̶,{,s,[
5998273,,,̶н,{,s,[䐴
5998272,,,̶Ŷ,{,s,[䒆
5998248,,,̶,{,s,[䔨R
5998235,,,̶˶޼,{,s,[䓌
5998271,,,̶,{,s,[k
5998237,,,̶н޶޲,{,s,[䐅r
5998253,,,̶,{,s,[
5900103,,,̶,{,s,[
5998241,,,̸,{,s,c
5998254,,,̾,{,s,
5900135,,,ޯ,{,s,ʏ
5938302,,,γޮ,{,s,k
5998103,,,޲,{,s,
5998261,,,ر,{,s,x㒬
5938305,,,ر,{,s,xΒ
5900114,,,Ϸ޶޲,{,s,ꠒˑ
5900903,,,,{,s,
5900902,,,Ķ޵,{,s,a
5918042,,,޶,{,s,哤˒
5900134,,,в޲,{,s,r
5900136,,,з,{,s,ؑ
5900154,,,зļ,{,s,Oؕ
5900028,,,иƶ޵շ޵,{,s,OPuK
5900805,,,ض޵Ŷ,{,s,΃Pu
5900804,,,ض޵,{,s,΃Pu쒬
5900806,,,ض޵,{,s,΃Puk
5900907,,,,{,s,Β
5900078,,,ж,{,s,슢
5938321,,,Լ,{,s,{
5998274,,,Կ,{,s,{
5918006,,,,{,s,{{
5900101,,,޲,{,s,{R
5918037,,,ӽޱ,{,s,S㒹Ԕ
5918031,,,ӽ޳ҷ,{,s,S㒹~k
5918032,,,ӽ޳,{,s,S㒹~
5900802,,,ӽ޾,{,s,S㒹[_
5918033,,,ӽƼ,{,s,S㒹V
5918036,,,ӽ,{,s,S㒹{
5918034,,,ӽخ,{,s,S㒹˓쒬
5900141,,,޲,{,s,R
5900053,,,ݼޭ޼޵,{,s,싴
5998101,,,Լ,{,s,
5918014,,,Լӷ,{,s,k
5900052,,,޵,{,s,
5900933,,,ŷ˶޼,{,s,V
5900930,,,ŷƼ,{,s,V
5900828,,,޵,{,s,
5938316,,,,{,s,Rc
5900983,,,,{,s,R{
5900972,,,ح޼,{,s,_
5900041,,,خ޵,{,s,ː
5900043,,,۸ޮ޵,{,s,Z
5900116,,,ܶ޲,{,s,ᏼ
5900152,,,,{,s,ac
5900102,,,˶޼,{,s,ac
5960000,,޼,ƹŲޱ,{,ݘacs,ȉɌfڂȂꍇ
5960845,,޼,϶޷,{,ݘacs,ԉ͑꒬
5960004,,޼,׷,{,ݘacs,rؒ
5960813,,޼,,{,ݘacs,rK
5960001,,޼,ɶ,{,ݘacs,㒬
5960103,,޼,,{,ݘacs,t
5960804,,޼,Ϸ,{,ݘacs,ؒ
5960077,,޼,,{,ݘacs,㒬
5960071,,޼,,{,ݘacs,
5960105,,޼,,{,ݘacs,
5960022,,޼,޽,{,ݘacs,^
5960061,,޼,,{,ݘacs,k
5960114,,޼,,{,ݘacs,
5960063,,޼,,{,ݘacs,蒬
5960812,,޼,,{,ݘacs,咬
5960814,,޼,,{,ݘacs,R
5960816,,޼,,{,ݘacs,
5960113,,޼,,{,ݘacs,͍
5960822,,޼,޸,{,ݘacs,z
5960824,,޼,׷,{,ݘacs,钬
5960101,,޼,,{,ݘacs,ߒ
5960111,,޼,м,{,ݘacs,㔒
5960047,,޼,˶޼,{,ݘacs,쒬
5960048,,޼,Ƽ,{,ݘacs,쒬
5960827,,޼,,{,ݘacs,㏼
5960064,,޼,,{,ݘacs,
5960042,,޼,,{,ݘacs,璬
5960073,,޼,,{,ݘacs,ݏ钬
5960016,,޼,ɳ,{,ݘacs,ݔVY
5960051,,޼,,{,ݘacs,ݖ쒬
5960843,,޼,,{,ݘacs,k㒬
5960056,,޼,,{,ݘacs,k
5960833,,޼,,{,ݘacs,_{
5960112,,޼,,{,ݘacs,_
5960832,,޼,޸׸,{,ݘacs,Ɋy
5960055,,޼,޹,{,ݘacs,܌
5960821,,޼,,{,ݘacs,
5960072,,޼,,{,ݘacs,䒬
5960826,,޼,޸޲,{,ݘacs,˒
5960815,,޼,ݶ,{,ݘacs,OPR
5960015,,޼,޿޳,{,ݘacs,nl
5960811,,޼,Ӳ,{,ݘacs,rc
5960041,,޼,,{,ݘacs,쒬
5960823,,޼,,{,ݘacs,
5960012,,޼,,{,ݘacs,V`
5960057,,޼,޶,{,ݘacs,؊C
5960115,,޼,,{,ݘacs,쒬
5960066,,޼,޲,{,ݘacs,H
5960805,,޼,,{,ݘacs,cĒ
5960104,,޼,¶,{,ݘacs,ϐ쒬
5960834,,޼,ݼ,{,ݘacs,V_R
5960116,,޼,,{,ݘacs,
5960003,,޼,Ŷ,{,ݘacs,䒬
5960062,,޼,Ŷ,{,ݘacs,k
5960065,,޼,Ŷ,{,ݘacs,Vl
5960075,,޼,Ŷ,{,ݘacs,
5960835,,޼,Ŷڷ,{,ݘacs,ؒ
5960052,,޼,,{,ݘacs,
5960802,,޼,Ƽ,{,ݘacs,H
5960044,,޼,Ƽɳ,{,ݘacs,V
5960053,,޼,,{,ݘacs,
5600042,,Ŷ,޼,{,Ls,΋c
5610854,,Ŷ,,{,Ls,Ò
5610842,,Ŷ,ϻ޲,{,Ls,݉ƒ
5600013,,Ŷ,˶޼,{,Ls,쓌
5600011,,Ŷ,Ƽ,{,Ls,쐼
5600012,,Ŷ,ɻ,{,Ls,
5600051,,Ŷ,׸,{,Ls,iy
5610824,,Ŷ,,{,Ls,哇
5600023,,Ŷ,,{,Ls,̒
5610885,,Ŷ,,{,Ls,
5610883,,Ŷ,,{,Ls,
5610884,,Ŷ,,{,Ls,k
5610813,,Ŷ,,{,Ls,]
5600052,,Ŷ,,{,Ls,t
5610894,,Ŷ,,{,Ls,
5600085,,Ŷ,м,{,Ls,Vc
5610823,,Ŷ,н,{,Ls,_B
5600022,,Ŷ,޶,{,Ls,k
5610812,,Ŷ,ޮ,{,Ls,k
5600001,,Ŷ,ض޵,{,Ls,k΋u
5600014,,Ŷ,,{,Ls,F쒬
5600016,,Ŷ,ض޵,{,Ls,IPu
5610843,,Ŷ,޼,{,Ls,Ó
5600054,,Ŷ,,{,Ls,̒
5610828,,Ŷ,,{,Ls,Oa
5600055,,Ŷ,,{,Ls,Č
5610826,,Ŷ,ϴ,{,Ls,]
5600004,,Ŷ,,{,Ls,H
5610833,,Ŷ,Ųܲ,{,Ls,K
5610834,,Ŷ,Ų,{,Ls,h
5610836,,Ŷ,Ų,{,Ls,
5610831,,Ŷ,Ų˶޼,{,Ls,
5610832,,Ŷ,ŲƼ,{,Ls,
5610835,,Ŷ,,{,Ls,{
5610803,,Ŷ,,{,Ls,R
5600082,,Ŷ,ݾ˶޼,{,Ls,V痢
5600083,,Ŷ,ݾƼ,{,Ls,V痢
5600084,,Ŷ,ݾ,{,Ls,V痢쒬
5600081,,Ŷ,ݾط,{,Ls,V痢k
5600024,,Ŷ,,{,Ls,L
5600041,,Ŷ,̳,{,Ls,
5610829,,Ŷ,,{,Ls,琬
5600046,,Ŷ,ش,{,Ls,痢
5610802,,Ŷ,˶޼,{,Ls,]
5600033,,Ŷ,ٶ޲Ŷ,{,Ls,ur
5610856,,Ŷ,,{,Ls,
5600021,,Ŷ,,{,Ls,{
5600043,,Ŷ,,{,Ls,ҌR
5610822,,Ŷ,и,{,Ls,O
5600002,,Ŷ,ض޵,{,Ls,΋u
5610882,,Ŷ,л޶,{,Ls,
5600035,,Ŷ,,{,Ls,
5600056,,Ŷ,,{,Ls,{R
5600053,,Ŷ,Ѷ޵,{,Ls,u
5610841,,Ŷ,Ҳݸ,{,Ls,_
5610892,,Ŷ,ɳ,{,Ls,Rm㒬
5610864,,Ŷ,ճ˶޵,{,Ls,[u
5610811,,Ŷ,ܶ,{,Ls,|
5630000,,޼,ƹŲޱ,{,rcs,ȉɌfڂȂꍇ
5630022,,޼,˶޵,{,rcs,u
5630051,,޼,,{,rcs,H
5630023,,޼,޳,{,rcs,
5630032,,޼,޼,{,rcs,΋
5630027,,޼,,{,rcs,rc
5630042,,޼,,{,rcs,Fے
5630014,,޼,,{,rcs,ؕ
5630034,,޼,,{,rcs,`
5630048,,޼,,{,rcs,
5630043,,޼,,{,rcs,_c
5630058,,޼,,{,rcs,h{
5630056,,޼,,{,rcs,h
5630029,,޼,·޵,{,rcs,܌u
5630028,,޼,,{,rcs,aJ
5630025,,޼,ޮ,{,rcs,
5630052,,޼,,{,rcs,R
5630050,,޼,,{,rcs,V
5630055,,޼,,{,rcs,
5630033,,޼,ּ,{,rcs,Zg
5630038,,޼,,{,rcs,
5630044,,޼,޲,{,rcs,_Cnc
5630054,,޼,޲,{,rcs,a
5630053,,޼,ò,{,rcs,Β
5630057,,޼,·ɷ,{,rcs,Ζؒ
5630031,,޼,ݼ,{,rcs,V_
5630035,,޼,ּ,{,rcs,L
5630036,,޼,ּϷ,{,rcs,Lk
5630013,,޼,Ŷ,{,rcs,쌴
5630059,,޼,Ƽ,{,rcs,{
5630021,,޼,,{,rcs,
5630037,,޼,,{,rcs,
5650803,,,ݱԼ,{,cs,V
5640014,,,ĳ,{,cs,
5640022,,,,{,cs,L
5640039,,,ܴ,{,cs,a
5650826,,,߸,{,cs,痢
5650811,,,ص,{,cs,痢u
5650812,,,صŶ,{,cs,痢u
5650813,,,ص,{,cs,痢u
5650814,,,صƼ,{,cs,痢u
5650815,,,ص,{,cs,痢uk
5650844,,,Ϸض޵,{,cs,痢Ru
5650848,,,¶,{,cs,痢R
5650852,,,,{,cs,痢R|
5650847,,,·޵,{,cs,痢Ru
5650846,,,Ƽ޶޵,{,cs,痢Ru
5650845,,,μ޵,{,cs,痢Ru
5650843,,,¶޵,{,cs,痢Ru
5650842,,,˶޼,{,cs,痢R
5650851,,,Ƽ,{,cs,痢R
5640024,,,,{,cs,钬
5650861,,,޲,{,cs,
5640026,,,,{,cs,l
5650835,,,,{,cs,|J
5650863,,,޲,{,cs,|
5640062,,,,{,cs,
5650862,,,¸޲,{,cs,É_
5640072,,,޸,{,cs,o
5640003,,,޳,{,cs,V
5640051,,,,{,cs,LÒ
5640035,,,Ŷɼ,{,cs,̓
5650816,,,Ŷ˶޼,{,cs,쓌
5650817,,,ŶƼ,{,cs,쐼
5640034,,,Ƽ,{,cs,䗷
5640071,,,Ƽɼ,{,cs,̏
5640004,,,,{,cs,
5640033,,,˶޼,{,cs,䗷
5640023,,,,{,cs,̏o
5640016,,,,{,cs,
5640052,,,ۼ,{,cs,LŒ
5640081,,,̼޶޵,{,cs,u
5650873,,,̼޼޲,{,cs,
5650874,,,ٴ޲,{,cs,Í]
5640042,,,,{,cs,g
5640061,,,,{,cs,~R
5640044,,,ж,{,cs,c
5950026,,е¼,,{,Îs,_
5950043,,е¼,н,{,Îs,
5950016,,е¼,ޮ,{,Îs,쒬
5950036,,е¼,,{,Îs,a
5950073,,е¼,,{,Îs,V`
5950064,,е¼,Ҳ,{,Îs,_
5950002,,е¼,,{,Îs,L
5950066,,е¼,,{,Îs,
5950071,,е¼,,{,Îs,
5950007,,е¼,,{,Îs,cn
5950011,,е¼,,{,Îs,]
5950042,,е¼,,{,Îs,Ò
5950062,,е¼,Ŷ,{,Îs,c
5950004,,е¼,,{,Îs,猴
5950023,,е¼,Ŷ,{,Îs,L
5950055,,е¼,ŷ޻,{,Îs,Ȃ
5950052,,е¼,Ƽ,{,Îs,`
5950006,,е¼,˶޼,{,Îs,
5950021,,е¼,˶޼Ŷ,{,Îs,L
5950051,,е¼,˶޼,{,Îs,`
5950015,,е¼,,{,Îs,c
5950063,,е¼,,{,Îs,{
5950072,,е¼,,{,Îs,Vl
5950011,,е¼,п,{,Îs,\
5950013,,е¼,,{,Îs,{
5950037,,е¼,Ѽ,{,Îs,
5950037,,е¼,Ѽ,{,Îs,撬
5950005,,е¼,,{,Îs,X
5950075,,е¼,ݶ,{,Îs,ՊC
5950065,,е¼,ܶ,{,Îs,{
5690000,,·,ƹŲޱ,{,Ύs,ȉɌfڂȂꍇ
5691146,,·,,{,Ύs,ԑH
5691123,,·,,{,Ύs,H쒬
5690806,,·,,{,Ύs,c
5690082,,·,,{,Ύs,쒬
5691134,,·,,{,Ύs,
5691045,,·,,{,Ύs,
5691102,,·,ϲ,{,Ύs,֎蒬
5691101,,·,Ϻ޼,{,Ύs,䏊̒
5691106,,·,ϼ,{,Ύs,V
5691105,,·,Ŷ,{,Ύs,̒
5691104,,·,˶޼,{,Ύs,̒
5690061,,·,,{,Ύs,
5690007,,·,Ų,{,Ύs,_
5691038,,·,ɻ,{,Ύs,̗
5691115,,·,,{,Ύs,Ñ]
5690826,,·,޷,{,Ύs,
5690016,,·,خ,{,Ύs,ܗ̒
5690804,,·,,{,Ύs,
5690842,,·,Ŷ,{,Ύs,ʒ
5690847,,·,,{,Ύs,ʓ
5690841,,·,ҷ,{,Ύs,ʖk
5691143,,·,ܲ,{,Ύs,K
5690825,,·,,{,Ύs,h
5690818,,·,׶޵,{,Ύs,Pu쒬
5690817,,·,׶޵,{,Ύs,Puk
5690807,,·,,{,Ύs,
5690084,,·,׷,{,Ύs,ǖؒ
5690843,,·,ݶϷ,{,Ύs,OӖq
5691025,,·,,{,Ύs,ŒJ
5690823,,·,޳,{,Ύs,Ő
5691039,,·,н޲,{,Ύs,
5690062,,·,,{,Ύs,c
5690064,,·,޺,{,Ύs,
5690815,,·,޲,{,Ύs,a䒬
5690052,,·,ޮĳ,{,Ύs,铌
5690065,,·,ޮ,{,Ύs,鐼
5690056,,·,ޮ,{,Ύs,쒬
5690071,,·,ޮθ,{,Ύs,k
5690075,,·,ޮŲ,{,Ύs,
5690022,,·,,{,Ύs,{꒬
5691005,,·,޵,{,Ύs,
5690036,,·,޼,{,Ύs,Ҏq
5691132,,·,̸,{,Ύs,
5690097,,·,޷,{,Ύs,_
5690803,,·,·,{,Ύs,Β
5691020,,·,޲,{,Ύs,
5690043,,·,ɳ,{,Ύs,|̓
5690801,,·,޲޸,{,Ύs,w
5691034,,·,޲޳,{,Ύs,呠i
5691047,,·,޲,{,Ύs,a
5691002,,·,ɳ,{,Ύs,c\
5690857,,·,϶,{,Ύs,ʐ
5690856,,·,϶ܼ,{,Ύs,ʐV
5690087,,·,,{,Ύs,c
5691046,,·,¶,{,Ύs,ˌ
5691036,,·,¶ܷ,{,Ύs,˘e
5690845,,·,ʼ,{,Ύs,{쒬
5690096,,·,ʯ,{,Ύs,뒬
5690095,,·,ʯƼ,{,Ύs,
5691147,,·,,{,Ύs,y
5691051,,·,,{,Ύs,
5690044,,·,,{,Ύs,ԓc
5690012,,·,˶޼϶,{,Ύs,V
5690002,,·,˶޼Ϸ,{,Ύs,q
5691037,,·,˶޼,{,Ύs,R
5690811,,·,˶޼ֽ,{,Ύs,ܕSZ
5691141,,·,,{,Ύs,X
5690024,,·,˭,{,Ύs,
5691022,,·,ּ޲,{,Ύs,g
5690035,,·,̶,{,Ύs,[
5690033,,·,̶,{,Ύs,[{
5690025,,·,̼ɻ,{,Ύs,̗
5691114,,·,ޯּ,{,Ύs,ʏV
5691113,,·,ޯŶ,{,Ύs,ʏ̒
5691112,,·,ޯ,{,Ύs,ʏ{
5691109,,·,,{,Ύs,g
5690074,,·,,{,Ύs,{
5690021,,·,ϴ,{,Ύs,O
5691121,,·,϶,{,Ύs,^㒬
5690855,,·,Ϸ,{,Ύs,qc
5690023,,·,¶,{,Ύs,쒬
5691031,,·,¶޵,{,Ύs,u
5690086,,·,,{,Ύs,
5690835,,·,мϴ,{,Ύs,O]
5691026,,·,ض޵,{,Ύs,΂u
5690094,,·,,{,Ύs,Β
5691124,,·,б,{,Ύs,H쒬
5690042,,·,е,{,Ύs,
5690063,,·,м޺,{,Ύs,쏯
5690851,,·,п޼,{,Ύs,쑍
5690085,,·,,{,Ύs,쏼
5691023,,·,Զ,{,Ύs,{J
5691142,,·,,{,Ύs,{c
5691032,,·,ɶ,{,Ύs,{V쌴
5691033,,·,ɶ,{,Ύs,{V쌴
5690081,,·,,{,Ύs,{쒬
5691125,,·,׻,{,Ύs,
5691128,,·,Ҳ,{,Ύs,_
5690853,,·,Ŷ,{,Ύs,쒬
5690051,,·,,{,Ύs,
5970106,,޶,Ŷ(632-1633642-3),{,Lˎs,iURQ|PAURRAUSQ|Rj
5970072,,޶,Ŷ(),{,Lˎs,ȋj
5970103,,޶,,{,Lˎs,n
5970033,,޶,,{,Lˎs,c
5970085,,޶,˶޼,{,Lˎs,
5970046,,޶,˶޼,{,Lˎs,R
5970023,,޶,̸,{,Lˎs,c
5970015,,޶,,{,Lˎs,x
5970101,,޶,й,{,Lˎs,OPR
5970104,,޶,н,{,Lˎs,
5970045,,޶,(596894-1915-4925927-2932,{,Lˎs,OciTXUAWXS|PAXPT|SAXQTAXQV|QAXRQ
5970045,,޶,-4934-9681013-11464),{,Lˎs,|SAXRS`XUWAPOPR|PAPSUSԒnj
5900461,,޶,(2576),{,Lˎs,OciQTVUԒnj
5970105,,޶,(),{,Lˎs,Ocȋj
5970095,,޶,,{,Lˎs,`
5970005,,޶,,{,Lˎs,쒬
5970044,,޶,,{,Lˎs,X
5970073,,޶,ܷ,{,Lˎs,el
5700000,,ظ,ƹŲޱ,{,s,ȉɌfڂȂꍇ
5700022,,ظ,·,{,s,Œ
5700071,,ظ,ܲ,{,s,j
5700066,,ظ,ҿ,{,s,~
5700087,,ظ,,{,s,~
5700036,,ظ,˶޼,{,s,}
5700054,,ظ,Ƽ,{,s,}
5700051,,ظ,,{,s,}쒬
5700037,,ظ,޷,{,s,}k
5700012,,ظ,,{,s,vے
5700009,,ظ,,{,s,뒬
5700033,,ظ,޵,{,s,{
5700015,,ظ,,{,s,
5700055,,ظ,,{,s,t
5700079,,ظ,ȼ,{,s,
5700024,,ظ,з,{,s,_ؒ
5700038,,ظ,,{,s,͌
5700032,,ظ,޵,{,s,e
5700011,,ظ,,{,s,c
5700094,,ظ,ݷ޵,{,s,k{
5700083,,ظ,޵,{,s,{
5700077,,ظ,޷,{,s,
5700061,,ظ,,{,s,t
5960076,,޼,,{,ݘacs,c
5960831,,޼,,{,ݘacs,
5960023,,޼,,{,ݘacs,
5960841,,޼,,{,ݘacs,c
5960844,,޼,,{,ݘacs,y꒬
5960825,,޼,,{,ݘacs,y
5960005,,޼,ٷ,{,ݘacs,t؈
5960035,,޼,ٷ,{,ݘacs,tؐ
5960031,,޼,ٷ,{,ݘacs,tؑ召H
5960026,,޼,ٷ޲,{,ݘacs,tؑ卑
5960033,,޼,ٷŶ,{,ݘacs,tؒ
5960034,,޼,ٷ,{,ݘacs,tؖ{
5960036,,޼,ٷ,{,ݘacs,tؓl
5960037,,޼,ٷ,{,ݘacs,tؖkl
5960024,,޼,ٷԶ,{,ݘacs,t؋{쒬
5960025,,޼,ٷ,{,ݘacs,t؋{{
5960032,,޼,ٷ,{,ݘacs,t،
5960006,,޼,ٷܶ,{,ݘacs,t؎ᏼ
5960803,,޼,˶޼,{,ݘacs,H
5960807,,޼,˶޼޵,{,ݘacs,Pu
5960046,,޼,̼޲,{,ݘacs,䒬
5960045,,޼,ޯ,{,ݘacs,ʏ
5960074,,޼,,{,ݘacs,{
5960842,,޼,϶,{,ݘacs,^㒬
5960021,,޼,¶,{,ݘacs,
5960806,,޼,,{,ݘacs,
5960808,,޼,,{,ݘacs,Oc
5960801,,޼,,{,ݘacs,yH
5960014,,޼,,{,ݘacs,`Β
5960078,,޼,г,{,ݘacs,㒬
5960067,,޼,,{,ݘacs,쒬
5960043,,޼,ϴ,{,ݘacs,{O
5960054,,޼,,{,ݘacs,{{
5960011,,޼,Ӹ޲,{,ݘacs,؍ޒ
5960102,,޼,޲Ŷ,{,ݘacs,R
5960049,,޼,Ի,{,ݘacs,㒬
5960836,,޼,շ,{,ݘacs,s
5960002,,޼,ּ,{,ݘacs,g䒬
5960013,,޼,ݶ,{,ݘacs,ՊC
5600000,,Ŷ,ƹŲޱ,{,Ls,ȉɌfڂȂꍇ
5600015,,Ŷ,,{,Ls,ԍ
5610865,,Ŷ,˶޵,{,Ls,u
5610801,,Ŷ,Ƽ,{,Ls,]
5610804,,Ŷ,,{,Ls,]쒬
5610827,,Ŷ,޲,{,Ls,单
5600025,,Ŷ,,{,Ls,Ԓ
5600026,,Ŷ,ϲ,{,Ls,ʈ䒬
5610874,,Ŷ,,{,Ls,
5610875,,Ŷ,޷,{,Ls,k
5610872,,Ŷ,׳,{,Ls,
5610845,,Ŷ,ĸ,{,Ls,q
5610846,,Ŷ,ĸ˶޼,{,Ls,q
5610844,,Ŷ,ĸƼ,{,Ls,q
5600045,,Ŷ,,{,Ls,R
5600044,,Ŷ,,{,Ls,R
5610881,,Ŷ,Ŷ޶,{,Ls,
5610862,,Ŷ,Ƽж޵,{,Ls,u
5600005,,Ŷ,Ƽض޵,{,Ls,΋u
5610855,,Ŷ,,{,Ls,c
5610891,,Ŷ,ʼز,{,Ls,
5610857,,Ŷ,ʯغ޷,{,Ls,
5610852,,Ŷ,ʯ,{,Ls,{
5610858,,Ŷ,ʯƼ,{,Ls,
5610853,,Ŷ,ʯ,{,Ls,쒬
5610851,,Ŷ,ʯ,{,Ls,
5610859,,Ŷ,ʯ,{,Ls,L
5610873,,Ŷ,ʯخ,{,Ls,Βn
5610817,,Ŷ,,{,Ls,l
5610806,,Ŷ,Ƽ,{,Ls,c
5610808,,Ŷ,,{,Ls,c
5610805,,Ŷ,,{,Ls,c
5610807,,Ŷ,Ŷ,{,Ls,c
5610861,,Ŷ,˶޼ж޵,{,Ls,u
5610871,,Ŷ,˶޼׳,{,Ls,
5600003,,Ŷ,˶޼Ŷ,{,Ls,L
5610821,,Ŷ,,{,Ls,o
5610863,,Ŷ,,{,Ls,Lc
5610825,,Ŷ,,{,Ls,t
5610893,,Ŷ,γ,{,Ls,R
5610814,,Ŷ,γ˶޼,{,Ls,L쒬
5610816,,Ŷ,γƼ,{,Ls,L쒬
5610815,,Ŷ,γ,{,Ls,L쒬
5600032,,Ŷ,ٶ޲˶޼,{,Ls,ur
5600036,,Ŷ,ٶ޲Ƽ,{,Ls,ur
5600034,,Ŷ,ٶ޲,{,Ls,ur쒬
5600031,,Ŷ,ٶ޲,{,Ls,urk
5630024,,޼,޶,{,rcs,
5630012,,޼,˶޼,{,rcs,R
5630046,,޼,,{,rcs,P
5630017,,޼,̼޲,{,rcs,
5630011,,޼,̼,{,rcs,
5630015,,޼,ٴ,{,rcs,Í]
5630041,,޼,Ͻ,{,rcs,
5630026,,޼,ض޵,{,rcs,΋u
5630047,,޼,,{,rcs,
5630045,,޼,ӿ,{,rcs,
5630016,,޼,ּ,{,rcs,gc
5640000,,,ƹŲޱ,{,cs,ȉɌfڂȂꍇ
5650802,,,޵,{,cs,tu
5650801,,,޵,{,cs,tuk
5650875,,,޲,{,cs,R
5640083,,,˶޵,{,cs,u
5640027,,,,{,cs,
5640041,,,,{,cs,
5640032,,,,{,cs,{
5640063,,,,{,cs,]⒬
5640053,,,ɷ,{,cs,]̖ؒ
5650806,,,,{,cs,~؎R
5650853,,,,{,cs,t
5640082,,,,{,cs,ЎR
5640045,,,,{,cs,c
5650872,,,,{,cs,Rc
5650841,,,,{,cs,R蒬
5640037,,,ܷ޼,{,cs,ݒ
5640013,,,ܿ,{,cs,쉀
5640002,,,Ŷ,{,cs,ݕ
5640011,,,,{,cs,ݕ
5640001,,,޷,{,cs,ݕk
5640036,,,޷,{,cs,
5650836,,,,{,cs,䎛
5650837,,,ж޵,{,cs,䎛삪u
5640015,,,ܲ,{,cs,K
5650855,,,޲,{,cs,|
5650831,,,·޵˶޼,{,cs,܌u
5650833,,,·޵Ƽ,{,cs,܌u
5650832,,,·޵,{,cs,܌u
5650834,,,·޵,{,cs,܌uk
5640017,,,,{,cs,œc
5650805,,,н,{,cs,
5650818,,,,{,cs,ڒJ
5640028,,,,{,cs,a
5650804,,,ݱԶ,{,cs,V
5640012,,,мެ,{,cs,쐳
5640043,,,н,{,cs,쐁c
5640038,,,оܴ,{,cs,쐴a
5640025,,,,{,cs,썂l
5640021,,,,{,cs,ڕU
5640031,,,,{,cs,
5650854,,,޲,{,cs,R
5650822,,,޲,{,cs,Rcs
5650821,,,˶޼,{,cs,Rc
5650824,,,Ƽ,{,cs,Rc
5650823,,,,{,cs,Rc
5650825,,,޷,{,cs,Rck
5650871,,,޵,{,cs,Rcu
5640073,,,,{,cs,R蒬
5640054,,,ּ,{,cs,F쒬
5950000,,е¼,ƹŲޱ,{,Îs,ȉɌfڂȂꍇ
5950053,,е¼,,{,Îs,t
5950025,,е¼,,{,Îs,
5950032,,е¼,,{,Îs,c
5950031,,е¼,޺,{,Îs,䑷q
5950001,,е¼,Բ,{,Îs,
5950022,,е¼,,{,Îs,rY
5950024,,е¼,,{,Îs,rY
5950017,,е¼,,{,Îs,r
5950033,,е¼,,{,Îs,
5950033,,е¼,,{,Îs,
5950046,,е¼,,{,Îs,V
5950034,,е¼,,{,Îs,F
5950041,,е¼,޽,{,Îs,^
5950003,,е¼,,{,Îs,猴
5950074,,е¼,޼,{,Îs,Ó
5950061,,е¼,,{,Îs,t
5950028,,е¼,Ҳޭ,{,Îs,vrZ
5950044,,е¼,,{,Îs,͌
5950012,,е¼,Ŷ,{,Îs,kL
5950038,,е¼,ɷƼ,{,Îs,풬
5950039,,е¼,ɷ˶޼,{,Îs,풬
5950027,,е¼,޼ޮ,{,Îs,
5950014,,е¼,޷,{,Îs,
5950067,,е¼,,{,Îs,
5950054,,е¼,,{,Îs,
5950035,,е¼,Ų,{,Îs,
5950045,,е¼,,{,Îs,V
5691107,,·,Ƽ,{,Ύs,̒
5691108,,·,Ϸ,{,Ύs,k̒
5690027,,·,϶ܼ,{,Ύs,VV
5690026,,·,϶,{,Ύs,V쒬
5691029,,·,ݺ,{,Ύs,
5690015,,·,,{,Ύs,K
5691003,,·,,{,Ύs,oD
5691135,,·,ϼ,{,Ύs,钬
5691111,,·,¸޵,{,Ύs,u
5691027,,·,޳,{,Ύs,Y
5691028,,·,޳,{,Ύs,Y{
5690083,,·,׸,{,Ύs,iy
5690031,,·,,{,Ύs,劥
5690034,,·,¶,{,Ύs,˒
5690078,,·,,{,Ύs,蒬
5691144,,·,,{,Ύs,唨
5691137,,·,,{,Ύs,{
5691118,,·,ݼ,{,Ύs,V_
5690091,,·,,{,Ύs,
5690092,,·,Ŷ,{,Ύs,
5690053,,·,,{,Ύs,t
5690805,,·,,{,Ύs,cӒ
5691044,,·,,{,Ύs,y
5690073,,·,,{,Ύs,{
5690834,,·,׻,{,Ύs,
5690832,,·,׻Ŷ,{,Ύs,蒆
5690836,,·,׻Ƽ,{,Ύs,萼
5690833,,·,׻,{,Ύs,
5690831,,·,׻,{,Ύs,k
5691018,,·,ݴ,{,Ύs,ԗщ
5691011,,·,ܸ,{,Ύs,v
5690824,,·,ܿ޴,{,Ύs,Y
5691133,,·,Ƽ,{,Ύs,쐼
5690004,,·,Ϸдϴ,{,Ύs,qwO
5690005,,·,Ϸϴ,{,Ύs,qkwO
5690006,,·,Ϸ,{,Ύs,qR蒬
5690003,,·,Ϸ,{,Ύs,q
5690041,,·,,{,Ύs,k
5690816,,·,޲,{,Ύs,ka䒬
5690802,,·,,{,Ύs,k
5690852,,·,Ŷ,{,Ύs,k쒬
5690072,,·,,{,Ύs,
5691136,,·,ݹ޼,{,Ύs,SƐV
5691131,,·,ݹ,{,Ύs,SƖ{
5691122,,·,·,{,Ύs,
5690047,,·,,{,Ύs,璬
5690821,,·,ɴ,{,Ύs,ÔV]k
5690822,,·,ɴ,{,Ύs,ÔV]
5690076,,·,,{,Ύs,oے
5691024,,·,,{,Ύs,J
5691117,,·,ݼ,{,Ύs,V_
5690088,,·,ɳ,{,Ύs,V
5690011,,·,޳,{,Ύs,L
5690067,,·,ĳ,{,Ύs,
5690032,,·,ĳ,{,Ύs,a
5691126,,·,,{,Ύs,a
5690057,,·,޼,{,Ύs,y
5690812,,·,ɻ,{,Ύs,o̗
5691145,,·,޵,{,Ύs,xcu
5690814,,·,,{,Ύs,xc
5690066,,·,Ŷ,{,Ύs,쒬
5691001,,·,Ŷ,{,Ύs,
5691041,,·,Ż,{,Ύs,ލ
5691043,,·,Ż,{,Ύs,ލ
5691012,,·,ر,{,Ύs,
5691014,,·,ر˶޼,{,Ύs,̒
5691016,,·,رƼ,{,Ύs,̒
5691013,,·,ر,{,Ύs,̒
5691017,,·,ر,{,Ύs,k̒
5691015,,·,رŶ,{,Ύs,̒
5691042,,·,߲޲,{,Ύs,약
5690045,,·,Ƽ,{,Ύs,
5690055,,·,Ƽ,{,Ύs,
5691035,,·,Ƽɶ,{,Ύs,V쌴
5691127,,·,Ƽ϶,{,Ύs,^
5690854,,·,Ƽ,{,Ύs,
5690813,,·,Ƽֽ,{,Ύs,ܕSZ
5690827,,·,Ʈ,{,Ύs,@
5691004,,·,خ,{,Ύs,
5690013,,·,,{,Ύs,c
5690014,,·,˶޼,{,Ύs,c
5690046,,·,,{,Ύs,o
5690077,,·,,{,Ύs,쌩
5691054,,·,ʷ,{,Ύs,J
5691053,,·,ʷ·޲,{,Ύs,J
5690093,,·,ʷɼ,{,Ύs,V
5691116,,·,ʸ޲,{,Ύs,~
5690844,,·,ʼ,{,Ύs,{
5690846,,·,ʼļ,{,Ύs,{V
5691103,,·,,{,Ύs,R蒬
5691021,,·,ֲ޵,{,Ύs,퐶u
5690001,,·,,{,Ύs,̌
5691052,,·,خݼ,{,Ύs,厛
5690054,,·,ܶ,{,Ύs,ᏼ
5970000,,޶,ƹŲޱ,{,Lˎs,ȉɌfڂȂꍇ
5970081,,޶,Ŷ,{,Lˎs,
5970082,,޶,޲,{,Lˎs,΍
5970083,,޶,޶,{,Lˎs,C
5970061,,޶,,{,Lˎs,Yc
5970051,,޶,,{,Lˎs,q
5970112,,޶,,{,Lˎs,
5970074,,޶,,{,Lˎs,
5970071,,޶,,{,Lˎs,_
5970011,,޶,,{,Lˎs,k
5970113,,޶,,{,Lˎs,_J
5970031,,޶,,{,Lˎs,v
5970052,,޶,,{,Lˎs,Ec
5970075,,޶,޷,{,Lˎs,_O
5970001,,޶,,{,Lˎs,ߖ
5970021,,޶,,{,Lˎs,
5970102,,޶,,{,Lˎs,ؐ
5970062,,޶,,{,Lˎs,V
5970107,,޶,޿޳޳(611695732675),{,Lˎs,niUPPAUXTAVRQAUVTj
5970053,,޶,޿޳޳(),{,Lˎs,nȋj
5970002,,޶,,{,Lˎs,V
5970041,,޶,,{,Lˎs,
5960901,,޶,޼,{,Lˎs,V
5970111,,޶,,{,Lˎs,
5970012,,޶,,{,Lˎs,Óc
5970014,,޶,,{,Lˎs,Óc쒬
5970013,,޶,޷,{,Lˎs,Óck
5970054,,޶,,{,Lˎs,
5970084,,޶,,{,Lˎs,H
5970003,,޶,Ŷ,{,Lˎs,
5970032,,޶,Ŷּ,{,Lˎs,ig
5970042,,޶,ź޾,{,Lˎs,z
5970022,,޶,Ʋ,{,Lˎs,V
5970091,,޶,Ƽ,{,Lˎs,F
5970093,,޶,ƼŶ,{,Lˎs,F
5970063,,޶,Ƽ,{,Lˎs,F`
5970094,,޶,Ƽ,{,Lˎs,F쒬
5970092,,޶,Ƽ,{,Lˎs,Fk
5970004,,޶,Ƽ,{,Lˎs,
5970043,,޶,ʼ,{,Lˎs,{
5700034,,ظ,޳޵,{,s,
5700027,,ظ,,{,s,
5700002,,ظ,Ŷ,{,s,
5700017,,ظ,˶޼,{,s,
5700001,,ظ,Ƽ,{,s,
5700072,,ظ,Ŵ,{,s,c
5700056,,ظ,Ų,{,s,
5700007,,ظ,Ӽ,{,s,
5700026,,ظ,,{,s,
5700098,,ظ,ʼ,{,s,V
5700096,,ظ,ļ,{,s,O
5700003,,ظ,޲,{,s,
5700016,,ظ,޲˶޼,{,s,
5700063,,ظ,޲,{,s,咬
5700043,,ظ,,{,s,}
5700043,,ظ,,{,s,
5700043,,ظ,,{,s,n
5700053,,ظ,,{,s,
5700076,,ظ,Ƽ,{,s,䐼
5700065,,ظ,,{,s,䌳
5700086,,ظ,,{,s,|
5700025,,ظ,޵,{,s,c
5700042,,ظ,׶Ƽ޵,{,s,ђ
5700048,,ظ,׶޵,{,s,{
5700047,,ظ,׶,{,s,
5700073,,ظ,޲,{,s,y
5700035,,ظ,ĳ,{,s,
5700041,,ظ,ĳ޳޵,{,s,
5700014,,ظ,ĳ,{,s,c
5700082,,ظ,,{,s,LG
5700064,,ظ,Ŷ޲,{,s,r
5700092,,ظ,Ư,{,s,
5700031,,ظ,ʼ˶޼,{,s,gV
5700039,,ظ,ʼƼ,{,s,gV
5700093,,ظ,,{,s,l
5700062,,ظ,,{,s,n꒬
5700013,,ظ,˶޼,{,s,
5700023,,ظ,˭,{,s,
5700081,,ظ,ּ,{,s,g
5700078,,ظ,޲,{,s,㒬
5700074,,ظ,п,{,s,
5700075,,ظ,,{,s,g
5700091,,ظ,θ,{,s,kl
5700028,,ظ,,{,s,{
5700052,,ظ,¼,{,s,
5700085,,ظ,,{,s,
5700084,,ظ,,{,s,Β
5700045,,ظ,׶Ŷ޵,{,s,쎛
5700043,,ظ,׶˶޼޵,{,s,쎛
5700044,,ظ,׶޵,{,s,쎛
5700046,,ظ,׶޵,{,s,쎛k
5700097,,ظ,,{,s,
5700005,,ظ,ԸŶ,{,s,_
5700021,,ظ,Ը˶޼,{,s,_
5700006,,ظ,ԸƼ,{,s,_
5700008,,ظ,Ըӷ,{,s,_k
5700095,,ظ,Լ,{,s,
5700004,,ظ,޴,{,s,]
5700029,,ظ,ײ,{,s,}
5730000,,׶,ƹŲޱ,{,s,ȉɌfڂȂꍇ
5730026,,׶,˶޵,{,s,u
5731185,,׶,ɶ,{,s,VV쒬
5730058,,׶,˶޼,{,s,ɉ꓌
5730066,,׶,Ƽ,{,s,ɉꐼ
5730053,,׶,,{,s,ɉ쒬
5730036,,׶,޷,{,s,ɉk
5730061,,׶,޺޷,{,s,ɉ
5730062,,׶,޻,{,s,ɉh
5730055,,׶,,{,s,ɉ{
5730067,,׶,,{,s,ɉΒ
5730005,,׶,,{,s,rV{
5731184,,׶,,{,s,铇
5731186,,׶,,{,s,铇쒬
5731188,,׶,Ϸ,{,s,铇k
5731187,,׶,,{,s,铇
5730017,,׶,,{,s,c
5731175,,׶,,{,s,
5731143,,׶,,{,s,FR
5731136,,׶,˶޼,{,s,FR
5730027,,׶,޲,{,s,_
5730142,,׶,˶޼,{,s,
5730145,,׶,,{,s,쒬
5730141,,׶,ȷ,{,s,k
5730146,,׶,,{,s,􌳒
5730032,,׶,˶޼,{,s,
5730031,,׶,,{,s,{
5731145,,׶,,{,s,
5731182,,׶,,{,s,aR
5731193,,׶,,{,s,aR쒬
5730018,,׶,׶޵,{,s,u
5730056,,׶,,{,s,
5730081,,׶,ݼ,{,s,ߑ
5731153,,׶,޲,{,s,J
5731132,,׶,޲޶,{,s,c
5731152,,׶,޲Ŷ,{,s,񒆒
5731135,,׶,޲,{,s,񕽖쒬
5731154,,׶,޲˶޼,{,s,񓌒
5731155,,׶,޲,{,s,쒬
5731138,,׶,޲,{,s,k
5731133,,׶,޲,{,s,񌳒
5731166,,׶,ɴ,{,s,VVh
5731191,,׶,,{,s,V
5730095,,׶,,{,s,
5730117,,׶,,{,s,
5730111,,׶,޷,{,s,k
5730116,,׶,޾,{,s,ӒJ
5730118,,׶,,{,s,R
5731164,,׶,,{,s,{R
5730113,,׶,,{,s,@J
5730112,,׶,ݴݼ,{,s,
5730035,,׶,¶,{,s,˒
5731162,,׶,,{,s,c
5730001,,׶,,{,s,cR
5730024,,׶,,{,s,c{{
5730123,,׶,,{,s,Óc
5730125,,׶,޴ϴ,{,s,ÓcwO
5730122,,׶,˶޼,{,s,Óc
5730126,,׶,Ƽ,{,s,Óc
5730124,,׶,,{,s,Óc쒬
5730121,,׶,޷,{,s,Óck
5730127,,׶,,{,s,Óc
5730128,,׶,,{,s,ÓcR
5730057,,׶,,{,s,璬
5730065,,׶,޸,{,s,o
5730003,,׶,ԼƼ,{,s,o~
5730002,,׶,Լ,{,s,o~
5730045,,׶,ĳ,{,s,c
5730007,,׶,޳,{,s,R
5730006,,׶,޳˶޼,{,s,R
5730004,,׶,ŶԵ,{,s,{r
5730093,,׶,˶޼Ŷ,{,s,U
5731115,,׶,˶޼ʼ,{,s,D
5731151,,׶,˶޼Ϸ,{,s,q쒬
5731114,,׶,˶޼,{,s,R
5731128,,׶,ɳ,{,s,V㒬
5730115,,׶,޲,{,s,X
5730037,,׶,׶,{,s,V
5730054,,׶,׶,{,s,
5730052,,׶,׶,{,s,
5730155,,׶,̼޻ݼ,{,s,V_
5730152,,׶,̼޻Ŷ,{,s,㒆
5730153,,׶,̼޻˶޼,{,s,㓌
5730158,,׶,̼޻Ƽ,{,s,㐼
5730156,,׶,̼޻,{,s,쒬
5730151,,׶,̼޻,{,s,k
5730157,,׶,̼޻,{,s,㌳
5731116,,׶,ʼ,{,s,D{
5730013,,׶,μ޵,{,s,u
5730114,,׶,,{,s,J
5731149,,׶,Ϸɷ,{,s,qk
5731146,,׶,Ϸɻ,{,s,q
5731142,,׶,ϷɼӼ,{,s,q쉺
5731144,,׶,Ϸ,{,s,q{
5731106,,׶,,{,s,t
5730012,,׶,¶޵,{,s,u
5730051,,׶,,{,s,O
5731105,,׶,и,{,s,t
5730094,,׶,Ŷ,{,s,쒆U
5731123,,׶,ʼ,{,s,D
5731165,,׶,Ժ޵,{,s,su
5730022,,׶,ɻ,{,s,{V
5730046,,׶,ɼ,{,s,{V
5730014,,׶,޲,{,s,썂
5730015,,׶,˶޼,{,s,쓌
5730042,,׶,Ƽ,{,s,쐼
5730043,,׶,,{,s,쒬
5730016,,׶,,{,s,{
5731171,,׶,Ҹ,{,s,OI
5731124,,׶,˶޼,{,s,{
5731141,,׶,Ƽ,{,s,{
5731125,,׶,,{,s,{
5731134,,׶,޶޵,{,s,{u
5730167,,׶,޲,{,s,Rcr
5730165,,׶,޲˶޼,{,s,Rcr
5670841,,׷,,{,؎s,Kc
5680094,,׷,,{,؎s,K
5670072,,׷,,{,؎s,S
5670071,,׷,,{,؎s,SR
5670043,,׷,޲,{,؎s,؈
5670852,,׷,ŷ,{,؎s,
5670085,,׷,ı,{,؎s,ʓs
5670075,,׷,,{,؎s,c{
5680095,,׷,,{,؎s,
5670864,,׷,׷,{,؎s,ǋXl
5670863,,׷,׷˶޼,{,؎s,ǋX
5670868,,׷,׷Ƽ,{,؎s,ǋX
5670854,,׷,,{,؎s,
5670059,,׷,н,{,؎s,
5670045,,׷,Ҳ,{,؎s,
5670066,,׷,Ӳ,{,؎s,䒬
5680082,,׷,ӵ,{,؎s,H
5670886,,׷,ޮ,{,؎s,
5670041,,׷,,{,؎s,
5670055,,׷,,{,؎s,h쌴
5670051,,׷,ɼ,{,؎s,hv
5670806,,׷,,{,؎s,
5680092,,׷,,{,؎s,
5670832,,׷,׶,{,؎s,
5670014,,׷,ϴ,{,؎s,̑O
5670074,,׷,ݺ,{,؎s,VSR
5670884,,׷,ݼޮ,{,؎s,V
5670872,,׷,ޮ,{,؎s,V
5670835,,׷,޳,{,؎s,V
5670855,,׷,,{,؎s,Va
5670821,,׷,,{,؎s,L
5680087,,׷,,{,؎s,K
5680098,,׷,޲,{,؎s,
5670801,,׷,޼,{,؎s,
5670802,,׷,޼޴ϴ,{,؎s,wO
5670804,,׷,޼޲,{,؎s,
5670825,,׷,,{,؎s,c
5670867,,׷,,{,؎s,吳
5670844,,׷,޲޳,{,؎s,哯
5680093,,׷,޲ݼ,{,؎s,厛
5670011,,׷,,{,؎s,c
5670866,,׷,,{,؎s,l
5670815,,׷,ʼ,{,؎s,|
5670025,,׷,Ŷ,{,؎s,c
5670895,,׷,ϸ,{,؎s,ʋ
5670054,,׷,̼ɻ,{,؎s,̗
5670829,,׷,,{,؎s,ot
5670828,,׷,ŷ,{,؎s,Mؒ
5670817,,׷,²,{,؎s,ʉ@
5670843,,׷,μ,{,؎s,
5670044,,׷,޲,{,؎s,ϑ
5670818,,׷,,{,؎s,{
5670851,,׷,ϻ,{,؎s,^
5670033,,׷,¶,{,؎s,P{
5670026,,׷,¼,{,؎s,
5670024,,׷,л,{,؎s,O璬
5670862,,׷,л,{,؎s,
5670021,,׷,мϵ,{,؎s,Ou
5670022,,׷,м,{,؎s,O
5670891,,׷,н޵,{,؎s,
5670035,,׷,¹,{,؎s,tR
5670007,,׷,б,{,؎s,
5670046,,׷,ж޵,{,؎s,tu
5670056,,׷,мн,{,؎s,쐴
5670004,,׷,,{,؎s,쎨
5670837,,׷,Ҷ޷,{,؎s,ڊ_
5670006,,׷,,{,؎s,
5670047,,׷,ζ޵,{,؎s,Pu
5670853,,׷,Լ,{,؎s,{
5670810,,׷,,{,؎s,{
5670052,,׷,,{,؎s,R
5670836,,׷,Ҷ޷,{,؎s,ڊ_
5670882,,׷,,{,؎s,
5680084,,׷,Խ,{,؎s,
5670009,,׷,޲,{,؎s,R
5670865,,׷,ֺ,{,؎s,]
5670875,,׷,ܶ,{,؎s,ᑐ
5670894,,׷,ܶ,{,؎s,ቀ
5810000,,Ե,ƹŲޱ,{,s,ȉɌfڂȂꍇ
5810082,,Ե,,{,s,
5810018,,Ե,,{,s,R
5810020,,Ե,˶޼,{,s,쓌
5810026,,Ե,,{,s,
5810087,,Ե,,{,s,
5810833,,Ե,˶޵,{,s,Pu
5810064,,Ե,,{,s,Օ{
5810055,,Ե,,{,s,Օ̒
5810068,,Ե,޷,{,s,Օk̒
5810813,,Ե,,{,s,
5810084,,Ե,,{,s,A
5810092,,Ե,,{,s,V
5810063,,Ե,޳,{,s,q
5810095,,Ե,Ŷ,{,s,c䒆
5810822,,Ե,,{,s,
5810073,,Ե,,{,s,
5810017,,Ե,,{,s,
5810875,,Ե,Խ,{,s,
5810871,,Ե,Խ,{,s,k
5810052,,Ե,,{,s,|
5810053,,Ե,˶޼,{,s,|
5810051,,Ե,Ƽ,{,s,|
5810862,,Ե,޶,{,s,
5810832,,Ե,,{,s,璬
5810025,,Ե,ɳ,{,s,V
5810014,,Ե,Ŷ,{,s,c
5810836,,Ե,Ŷ޲,{,s,r
5810083,,Ե,Ŷ,{,s,i
5810045,,Ե,Ƽ,{,s,؂̖{
5810077,,Ե,Ƽγ,{,s,v
5810852,,Ե,ƼԽ,{,s,
5810868,,Ե,Ƽ,{,s,R{
5810035,,Ե,Ƽճ,{,s,|
5810036,,Ե,,{,s,
5810865,,Ե,ʯض,{,s,
5810803,,Ե,˶,{,s,
5810093,,Ե,˶޼,{,s,V
5810002,,Ե,˶޼γ,{,s,v
5810062,,Ե,˶޼,{,s,q
5810004,,Ե,˶޼,{,s,{
5810861,,Ե,˶޼,{,s,
5810866,,Ե,˶޼ļ,{,s,R{V
5810847,,Ե,˶޼,{,s,R{
5810029,,Ե,˶޼չ,{,s,|
5810844,,Ե,̸,{,s,h
5810842,,Ե,̸ݼ,{,s,
5810843,,Ե,̸ݼ,{,s,
5810841,,Ե,̸ݼ,{,s,k
5810024,,Ե,,{,s,
5810003,,Ե,,{,s,{
5810088,,Ե,,{,s,R
5810856,,Ե,н޺,{,s,z
5810818,,Ե,п,{,s,
5810837,,Ե,ض޵,{,s,΃Pu
5810091,,Ե,г,{,s,A
5810054,,Ե,жҲ,{,s,T䒬
5810042,,Ե,з,{,s,؂̖{
5810076,,Ե,зγ,{,s,v
5810019,,Ե,к޶,{,s,쏬㍇
5980012,,лɼ,˶޼,{,򍲖s,
5980016,,лɼ,Ƽ,{,򍲖s,
5980015,,лɼ,,{,򍲖s,
5980011,,лɼ,·,{,򍲖s,k
5980003,,лɼ,,{,򍲖s,U
5980022,,лɼ,,{,򍲖s,y
5980071,,лɼ,,{,򍲖s,ߌ
5980002,,лɼ,Ŷ,{,򍲖s,
5980013,,лɼ,Ŷ,{,򍲖s,
5980034,,лɼ,Ŷ,{,򍲖s,
5980064,,лɼ,Ʋ,{,򍲖s,Vl
5980042,,лɼ,Ƽ,{,򍲖s,{
5980041,,лɼ,,{,򍲖s,o
5980046,,лɼ,ʸ׻޷,{,򍲖s,Hq
5980037,,лɼ,ʸ׻޷,{,򍲖s,Hq㒬
5980074,,лɼ,˶޼޲,{,򍲖s,
5980031,,лɼ,˶޼ʸ׻޷,{,򍲖s,Hq蒬
5980021,,лɼ,,{,򍲖s,
5980057,,лɼ,,{,򍲖s,{
5980045,,лɼ,,{,򍲖s,
5980063,,лɼ,,{,򍲖s,
5980073,,лɼ,вж޵,{,򍲖s,Pu
5980036,,лɼ,Ŷ,{,򍲖s,쒆{
5980035,,лɼ,Ŷ,{,򍲖s,쒆~
5980033,,лɼ,ŶԽ,{,򍲖s,쒆
5980056,,лɼ,,{,򍲖s,
5980047,,лɼ,ݸײ,{,򍲖s,񂭂
5980048,,лɼ,ݸײ,{,򍲖s,񂭂k
5980055,,лɼ,ܶ,{,򍲖s,{
5840000,,Լ,ƹŲޱ,{,xcюs,ȉɌfڂȂꍇ
5840076,,Լ,޵,{,xcюs,tu
5840006,,Լ,˶޵,{,xcюs,Pu
5840012,,Լ,ܶ޲,{,xcюs,Pr
5840075,,Լ,,{,xcюs,rK
5840001,,Լ,ɻ,{,xcюs,~̗
5840056,,Լ,ڼ,{,xcюs,
5840095,,Լ,,{,xcюs,ѐlJ
5840058,,Լ,,{,xcюs,ޕ
5840040,,Լ,޲,{,xcюs,
5840078,,Լ,,{,xcюs,
5840014,,Լ,,{,xcюs,ʒ
5840049,,Լ,Ѷ,{,xcюs,
5840069,,Լ,Ƽ˶޼,{,xcюs,ѐD
5840067,,Լ,Ƽ,{,xcюs,ѐD
5840038,,Լ,Ƽ޵,{,xcюs,уPu
5840046,,Լ,˶޼,{,xcюs,
5840002,,Լ,,{,xcюs,
5840055,,Լ,̼޳,{,xcюs,
5840061,,Լ,̼,{,xcюs,R
5840071,,Լ,̼޻޲,{,xcюs,
5840064,,Լ,޳޵,{,xcюs,sPu
5840094,,Լ,ж޵,{,xcюs,xPu
5840044,,Լ,²,{,xcюs,ʈ
5840093,,Լ,,{,xcюs,{
5840026,,Լ,ض޵,{,xcюs,΃Pu
5840007,,Լ,б˶޵,{,xcюs,숮Pu
5840043,,Լ,е,{,xcюs,唺
5840037,,Լ,Ժ,{,xcюs,{bc
5840011,,Լ,,{,xcюs,{
5840039,,Լ,޲,{,xcюs,R
5840045,,Լ,,{,xcюs,Rc
5840047,,Լ,,{,xcюs,R蒬
5840057,,Լ,ֺ,{,xcюs,R
5840053,,Լ,ح,{,xcюs,
5840024,,Լ,ܶ,{,xcюs,ᏼ
5840023,,Լ,ܶ˶޼,{,xcюs,ᏼ
5840025,,Լ,ܶƼ,{,xcюs,ᏼ
5720000,,Զܼ,ƹŲޱ,{,Qs,ȉɌfڂȂꍇ
5720039,,Զܼ,,{,Qs,rc
5720035,,Զܼ,ޱ,{,Qs,rc
5720033,,Զܼ,˶޼,{,Qs,rc
5720036,,Զܼ,Ƽ,{,Qs,rc
5720034,,Զܼ,,{,Qs,rc쒬
5720073,,Զܼ,޷,{,Qs,rck
5720038,,Զܼ,޼,{,Qs,rcV
5720074,,Զܼ,Ŷ,{,Qs,rc
5720030,,Զܼ,,{,Qs,rc{
5720012,,Զܼ,ɾ,{,Qs,r̐
5720026,,Զܼ,Ŷ,{,Qs,ΒÒ
5720027,,Զܼ,˶޼,{,Qs,ΒÓ
5720024,,Զܼ,,{,Qs,ΒÓ쒬
5720025,,Զܼ,,{,Qs,ΒÌ
5730033,,׶,,{,s,쒬
5730034,,׶,,{,s,R蒬
5731173,,׶,,{,s,q
5731174,,׶,˶޼,{,s,q
5731163,,׶,޼,{,s,bcV
5731168,,׶,˶޼,{,s,bc
5731167,,׶,,{,s,bc
5730134,,׶,˶޼,{,s,t
5730136,,׶,Ƽ,{,s,t
5730137,,׶,޷,{,s,tk
5730135,,׶,,{,s,t
5730131,,׶,,{,s,t
5731156,,׶,κ˶޼,{,s,Жg
5731157,,׶,κ,{,s,Жg{
5731127,,׶,м,{,s,㓇
5731126,,׶,м˶޼,{,s,㓇
5730028,,׶,,{,s,쌴
5730091,,׶,޵,{,s,eu
5730092,,׶,޵,{,s,eu쒬
5731158,,׶,κ,{,s,kЖg
5731102,,׶,,{,s,kt
5730064,,׶,Ŷ,{,s,kU
5731117,,׶,ʼ,{,s,kD
5730171,,׶,,{,s,kR
5731197,,׶,,{,s,֖{
5731111,,׶,ʱ,{,s,t
5731104,,׶,ʵ,{,s,tu
5731101,,׶,Ŷɼ,{,s,tV
5731107,,׶,Ŷ,{,s,t
5731118,,׶,з,{,s,t
5731103,,׶,,{,s,tc
5731121,,׶,ſ,{,s,tԉ
5731112,,׶,л,{,s,t
5731113,,׶,,{,s,tʎ撬
5731159,,׶,޶,{,s,Ԓ
5730073,,׶,,{,s,c
5731161,,׶,θ,{,s,k
5731131,,׶,,{,s,쓹
5730088,,׶,شݻ׷,{,s,ؒ
5730085,,׶,ش˶޼,{,s,V
5730087,,׶,ش,{,s,RV蒬
5730086,,׶,ش,{,s,
5730084,,׶,ض޵,{,s,Pu
5731194,,׶,ŶԷ,{,s,{k
5731195,,׶,Ŷ˶޼,{,s,{V
5730021,,׶,ŶƼ,{,s,{V
5731196,,׶,Ŷ,{,s,{{
5730011,,׶,Ŷ,{,s,{R˒
5730103,,׶,Ŷ޵׻,{,s,r
5730102,,׶,Ŷ޵,{,s,Ƌ
5730164,,׶,Ŷ޵,{,s,J
5730101,,׶,Ŷ޵ĳ,{,s,
5730104,,׶,Ŷ޵,{,s,dJ
5730105,,׶,Ŷ޵˶޼,{,s,
5730162,,׶,Ŷ޵Ƽ,{,s,
5730161,,׶,Ŷ޵,{,s,k
5730107,,׶,Ŷ޵ϴ,{,s,{O
5730163,,׶,Ŷ޵,{,s,
5730106,,׶,Ŷ޵޲,{,s,
5731147,,׶,ŷ޻,{,s,
5731172,,׶,ŷ޻,{,s,h
5731181,,׶,ŷ޻,{,s,{
5731176,,׶,ŷ޻˶޼,{,s,
5731183,,׶,ŷ޻,{,s,쒬
5731177,,׶,ŷ޻,{,s,
5731178,,׶,ŷ޻Ƽ,{,s,
5730071,,׶,Ž޸,{,s,֎q
5730082,,׶,Ž޸˶޼,{,s,֎q쓌
5730072,,׶,Ž޸,{,s,֎q쒬
5730083,,׶,Ž޸ط,{,s,֎qk
5731192,,׶,Ƽ,{,s,֖
5731137,,׶,Ƽ޲,{,s,
5730025,,׶,Ƽ,{,s,c{
5731122,,׶,Ƽʼ,{,s,D
5731148,,׶,ƼϷ,{,s,q
5730144,,׶,Ŷ,{,s,쑺
5730133,,׶,,{,s,쑺쒬
5730143,,׶,׷,{,s,쑺k
5730132,,׶,,{,s,쑺
5730063,,׶,ʼ,{,s,J
5730075,,׶,˶޼,{,s,
5730077,,׶,˶޼ؼ,{,s,V
5730074,,׶,˶޼,{,s,쒬
5730076,,׶,˶޼,{,s,
5730023,,׶,˶޼,{,s,c{
5730044,,׶,˶޼ĳ,{,s,c
5730168,,׶,޲,{,s,Rcr쒬
5730166,,׶,޲,{,s,Rcrk
5730047,,׶,ɳ,{,s,RV
5730041,,׶,ɳ˶޼,{,s,RV㓌
5730048,,׶,ɳƼ,{,s,RV㐼
5730049,,׶,ɳ,{,s,RVk
5730154,,׶,ƺ,{,s,m
5670000,,׷,ƹŲޱ,{,؎s,ȉɌfڂȂꍇ
5670001,,׷,,{,؎s,
5680096,,׷,ܻ,{,؎s,
5670831,,׷,ն,{,؎s,
5670897,,׷,ټ,{,؎s,匴
5670842,,׷,,{,؎s,܏\钬
5680097,,׷,,{,؎s,
5670005,,׷,¶,{,؎s,ܓs
5670029,,׷,¶,{,؎s,ܓsΒ
5670827,,׷,,{,؎s,t
5670871,,׷,ܸ,{,؎s,q
5670064,,׷,,{,؎s,쒬
5670877,,׷,,{,؎s,N
5670042,,׷,,{,؎s,F
5670816,,׷,޲,{,؎s,i㒬
5670888,,׷,ϴ,{,؎s,wO
5670826,,׷,,{,؎s,r
5680091,,׷,,{,؎s,
5670813,,׷,,{,؎s,Z
5670018,,׷,,{,؎s,c
5670013,,׷,ĳ,{,؎s,cŒ
5670883,,׷,,{,؎s,蒬
5670873,,׷,,{,؎s,쒬
5670833,,׷,޸,{,؎s,w
5670834,,׷,޸,{,؎s,w쒬
5670031,,׷,,{,؎s,t
5670819,,׷,,{,؎s,Ћ˒
5670811,,׷,в,{,؎s,
5680086,,׷,е,{,؎s,㉹H
5670065,,׷,к޵,{,؎s,S
5670881,,׷,ޮ,{,؎s,㒆
5670036,,׷,,{,؎s,
5670037,,׷,˶޼,{,؎s,䓌
5670048,,׷,޵,{,؎s,ktu
5680081,,׷,ֻ,{,؎s,
5670878,,׷,׶,{,؎s,_
5680083,,׷,¸,{,؎s,ԍ
5670846,,׷,ϼ,{,؎s,ʓ
5670848,,׷,ϼ޲,{,؎s,ʓ
5670893,,׷,Ͼ,{,؎s,ʐ
5670896,,׷,н,{,؎s,ʐ
5670823,,׷,,{,؎s,c
5670876,,׷,ɳ,{,؎s,V
5670812,,׷,ĳ޳,{,؎s,{
5670016,,׷,ĵ,{,؎s,\s
5670814,,׷,޼,{,؎s,˕
5670057,,׷,ֶ,{,؎s,L
5670053,,׷,,{,؎s,L
5670063,,׷,Ŷ,{,؎s,͌
5670803,,׷,Ŷ޼,{,؎s,
5670824,,׷,Ŷ,{,؎s,Ò
5670034,,׷,Ŷ,{,؎s,
5670822,,׷,Ŷ,{,؎s,
5680088,,׷,Ŷ,{,؎s,J
5670892,,׷,з,{,؎s,ؒ
5670874,,׷,,{,؎s,ޗǒ
5670008,,׷,Ƽ,{,؎s,
5670032,,׷,Ƽϴ,{,؎s,wO
5670015,,׷,Ƽ,{,؎s,c
5670023,,׷,Ƽ,{,؎s,͌
5670003,,׷,Ƽ׷,{,؎s,͌k
5670027,,׷,ƼŶ,{,؎s,c
5670887,,׷,Ƽޮ,{,؎s,
5670058,,׷,Ƽֶ,{,؎s,L쒬
5670067,,׷,Ƽ̸,{,؎s,
5670073,,׷,Ƽ,{,؎s,ϒ
5680085,,׷,,{,؎s,E
5670847,,׷,,{,؎s,X{
5670805,,׷,ʼɳ,{,؎s,̓
5670028,,׷,,{,؎s,c
5670017,,׷,ſ,{,؎s,ԉ
5670002,,׷,˶޼,{,؎s,
5670879,,׷,˶޼,{,؎s,FӒ
5670012,,׷,˶޼,{,؎s,c
5670885,,׷,˶޼ޮ,{,؎s,
5670861,,׷,˶޼,{,؎s,ޗ
5670838,,׷,˶޼,{,؎s,X{
5670062,,׷,˶޼̸,{,؎s,
5670845,,׷,,{,؎s,c
5670849,,׷,޲,{,؎s,c
5670061,,׷,̸,{,؎s,
5810863,,Ե,,{,s,E
5810037,,Ե,,{,s,c
5810854,,Ե,,{,s,|
5810039,,Ե,,{,s,cV
5810015,,Ե,,{,s,Y
5810883,,Ե,Ŷ,{,s,q
5810884,,Ե,,{,s,q쒬
5810882,,Ե,޷,{,s,qk
5810881,,Ե,,{,s,_
5810853,,Ե,޸ݼ,{,s,y
5810022,,Ե,,{,s,
5810061,,Ե,,{,s,t
5810823,,Ե,,{,s,j
5810851,,Ե,е,{,s,
5810846,,Ե,ɼ,{,s,V
5810845,,Ե,ɼ,{,s,Vk
5810065,,Ե,Ҳ,{,s,T䒬
5810834,,Ե,,{,s,U
5810066,,Ե,Ҳ,{,s,kT䒬
5810041,,Ե,,{,s,k؂̖{
5810071,,Ե,γ,{,s,kv
5810802,,Ե,,{,s,k{
5810044,,Ե,,{,s,؂̖{
5810817,,Ե,γ,{,s,v
5810072,,Ե,γ,{,s,v
5810874,,Ե,,{,s,
5810043,,Ե,,{,s,`
5810814,,Ե,,{,s,퍪
5810873,,Ե,,{,s,J
5810855,,Ե,,{,s,_
5810007,,Ե,,{,s,쒬
5810872,,Ե,ض,{,s,S
5810012,,Ե,޶,{,s,㍇
5810835,,Ե,,{,s,
5810821,,Ե,ܲ,{,s,K
5810074,,Ե,,{,s,h
5810869,,Ե,׶޵,{,s,Pu
5810816,,Ե,޳,{,s,
5810031,,Ե,,{,s,uI
5810094,,Ե,Ƽ,{,s,uI
5810033,,Ե,,{,s,uI
5810075,,Ե,޶,{,s,a쒬
5810006,,Ե,н,{,s,
5810811,,Ե,ݹ,{,s,Vƒ
5810885,,Ե,ݸ޳,{,s,_{
5810067,,Ե,,{,s,_
5810001,,Ե,,{,s,L
5810005,,Ե,Ų,{,s,
5810056,,Ե,޳,{,s,쑾q
5810081,,Ե,,{,s,{
5810023,,Ե,Ժ޶,{,s,s
5810815,,Ե,,{,s,{
5810027,,Ե,Ե,{,s,
5810028,,Ե,Ե˶޼,{,s,ؓ
5810016,,Ե,Ե޷,{,s,ؖk
5810085,,Ե,ԽŶ,{,s,
5810812,,Ե,϶,{,s,R꒬
5810801,,Ե,ϼ,{,s,R钬
5810864,,Ե,,{,s,R
5810021,,Ե,Խ,{,s,R{
5810867,,Ե,,{,s,R{
5810013,,Ե,,{,s,R{
5810831,,Ե,,{,s,R{k
5810032,,Ե,ճ,{,s,|풬
5810034,,Ե,ճ,{,s,|풬
5810086,,Ե,ֳ,{,s,z
5810027,,Ե,ֵ,{,s,
5810069,,Ե,ح,{,s,ؒ
5810011,,Ե,ܶ,{,s,ᑐ
5810038,,Ե,ܶԼ,{,s,ђ
5980000,,лɼ,ƹŲޱ,{,򍲖s,ȉɌfڂȂꍇ
5980014,,лɼ,,{,򍲖s,
5980052,,лɼ,,{,򍲖s,
5980072,,лɼ,ж޵,{,򍲖s,Pu
5980005,,лɼ,˶޼,{,򍲖s,s꓌
5980006,,лɼ,Ƽ,{,򍲖s,sꐼ
5980004,,лɼ,,{,򍲖s,s
5980007,,лɼ,,{,򍲖s,㒬
5980023,,лɼ,,{,򍲖s,
5980053,,лɼ,,{,򍲖s,{
5980043,,лɼ,Ƽ,{,򍲖s,吼
5980044,,лɼ,,{,򍲖s,}
5980058,,лɼ,,{,򍲖s,t
5980001,,лɼ,ж,{,򍲖s,㊢
5980024,,лɼ,ɺ޳,{,򍲖s,V
5980054,,лɼ,,{,򍲖s,h
5980075,,лɼ,޲,{,򍲖s,
5980062,,лɼ,Ӷ,{,򍲖s,
5980008,,лɼ,̳޲,{,򍲖s,
5980051,,лɼ,,{,򍲖s,V
5980032,,лɼ,Խ,{,򍲖s,V
5980061,,лɼ,ּ,{,򍲖s,Zg
5490001,,лɼ,ݼ,{,򍲖s,B`k
5840054,,Լ,,{,xcюs,Ó
5840008,,Լ,,{,xcюs,u
5840003,,Լ,ݹ,{,xcюs,uVƒ
5840005,,Լ,,{,xcюs,u
5840042,,Լ,,{,xcюs,k唺
5840004,,Լ,,{,xcюs,،ˎR
5840041,,Լ,ɷ,{,xcюs,풬
5840074,,Լ,ɷ޲,{,xcюs,v
5840036,,Լ,,{,xcюs,bc
5840082,,Լ,ֳ޲,{,xcюs,z
5840083,,Լ,޲,{,xcюs,
5840079,,Լ,޹,{,xcюs,܌
5840031,,Լ,޷,{,xcюs,
5840065,,Լ,ݺ޳̼޲,{,xcюs,R
5840015,,Լ,ޮ,{,xcюs,
5840013,,Լ,ײ,{,xcюs,䒬
5840084,,Լ,׶޵,{,xcюs,Pu
5840052,,Լ,,{,xcюs,
5840034,,Լ,н,{,xcюs,
5840092,,Լ,,{,xcюs,a
5840077,,Լ,ݱ޵,{,xcюs,Vtu
5840085,,Լ,ݹ,{,xcюs,V
5840091,,Լ,޳,{,xcюs,V
5840062,,Լ,,{,xcюs,{
5840072,,Լ,޲,{,xcюs,ӑ
5840035,,Լ,ƶ,{,xcюs,J쒬
5840016,,Լ,³γ,{,xcюs,ʖ@
5840081,,Լ,,{,xcюs,R
5840086,,Լ,޲,{,xcюs,ÁXR
5840073,,Լ,ײ޲,{,xcюs,r
5840032,,Լ,ķ,{,xcюs,Ւ
5840033,,Լ,Լ,{,xcюs,xcђ
5840027,,Լ,Ŷ,{,xcюs,
5840021,,Լ,Ŷ,{,xcюs,쒬
5840022,,Լ,Ŷ˶޼,{,xcюs,쒬
5840028,,Լ,ŶƼ,{,xcюs,쒬
5840051,,Լ,߳޲,{,xcюs,핗
5840048,,Լ,Ƽ,{,xcюs,
5840063,,Լ,Ƽ,{,xcюs,ѐD
5840066,,Լ,Ƽط,{,xcюs,ѐDk
5840068,,Լ,ƼŶ,{,xcюs,ѐD
5720821,,Զܼ,,{,Qs,o_
5720807,,Զܼ,ϻ,{,Qs,`
5720840,,Զܼ,ϻ׶޵,{,Qs,`u
5720842,,Զܼ,ϻ¶,{,Qs,`˒
5720843,,Զܼ,ϻŶ,{,Qs,`
5720841,,Զܼ,ϻ˶޼޵,{,Qs,`u
5720844,,Զܼ,ϻض޵,{,Qs,`΂u
5720849,,Զܼ,ϻ,{,Qs,`
5720802,,Զܼ,,{,Qs,ŏ
5720803,,Զܼ,Ҷ޵,{,Qs,~u
5720048,,Զܼ,ļ,{,Qs,嗘
5720047,,Զܼ,ļ,{,Qs,嗘
5720023,,Զܼ,,{,Qs,H
5720063,,Զܼ,,{,Qs,t
5720052,,Զܼ,ж,{,Qs,_c
5720828,,Զܼ,Լϻ״,{,Qs,
5720829,,Զܼ,Լϼ,{,Qs,Ma
5720827,,Զܼ,Լ,{,Qs,{
5720825,,Զܼ,Լ,{,Qs,쒬
5720824,,Զܼ,Լ˶޼,{,Qs,
5720015,,Զܼ,ܶ,{,Qs,쏟
5720816,,Զܼ,ܷŶ,{,Qs,͖k
5720815,,Զܼ,ܷ˶޼,{,Qs,͖k
5720817,,Զܼ,ܷƼ,{,Qs,͖k
5720008,,Զܼ,ݿ޶,{,Qs,˒
5720032,,Զܼ,ļ,{,Qs,k嗘
5720836,,Զܼ,,{,Qs,ؓc
5720822,,Զܼ,,{,Qs,ؓc{
5720811,,Զܼ,,{,Qs,퍪쒬
5720845,,Զܼ,ȷ,{,Qs,퍪k
5720075,,Զܼ,,{,Qs,
5720037,,Զܼ,׼,{,Qs,V
5720016,,Զܼ,,{,Qs,
5720804,,Զܼ,,{,Qs,璬
5720057,,Զܼ,ױ,{,Qs,
5720059,,Զܼ,׼,{,Qs,V
5720050,,Զܼ,׼ޮŲ,{,Qs,
5720058,,Զܼ,,{,Qs,k
5720085,,Զܼ,ؼ,{,Qs,V
5720082,,Զܼ,޵,{,Qs,{ʒ
5720089,,Զܼ,Ƽ,{,Qs,V
5720084,,Զܼ,,{,Qs,V
5720080,,Զܼ,ط,{,Qs,kV
5720083,,Զܼ,,{,Qs,S
5720029,,Զܼ,޷,{,Qs,
5720087,,Զܼ,,{,Qs,؉
5720088,,Զܼ,,{,Qs,؉
5720017,,Զܼ,ܲ,{,Qs,K
5720018,,Զܼ,޼,{,Qs,
5720041,,Զܼ,׷,{,Qs,ؒ
5720813,,Զܼ,˶޼,{,Qs,]Ǔ
5720818,,Զܼ,Ƽ,{,Qs,]ǐ
5720044,,Զܼ,н,{,Qs,
5720077,,Զܼ,,{,Qs,_
5720054,,Զܼ,Ӷ,{,Qs,_c
5720823,,Զܼ,ӷ,{,Qs,ؓc
5720834,,Զܼ,,{,Qs,h
5720805,,Զܼ,,{,Qs,H
5720812,,Զܼ,ݹ,{,Qs,V
5720009,,Զܼ,,{,Qs,L
5720046,,Զܼ,,{,Qs,
5720819,,Զܼ,,{,Qs,听
5720021,,Զܼ,,{,Qs,c䒬
5720020,,Զܼ,Ƽ,{,Qs,c䐼
5720078,,Զܼ,,{,Qs,Ԓ
5720072,,Զܼ,˶޼,{,Qs,ԓ
5720806,,Զܼ,,{,Qs,{
5720846,,Զܼ,Ի,{,Qs,{h
5720847,,Զܼ,Լ,{,Qs,{V
5720051,,Զܼ,ŷ,{,Qs,
5720062,,Զܼ,ŷ޻,{,Qs,h
5720067,,Զܼ,,{,Qs,
5720061,,Զܼ,,{,Qs,h
5720064,,Զܼ,¼ϴ˶޼,{,Qs,Δn]
5720065,,Զܼ,¼ϴƼ,{,Qs,Δn]
5720071,,Զܼ,ֻ,{,Qs,L
5720831,,Զܼ,,{,Qs,L쒬
5720053,,Զܼ,Ŷ,{,Qs,_c
5720820,,Զܼ,Ŷ,{,Qs,ؓc
5720002,,Զܼ,˶޼޵,{,Qs,cu
5720001,,Զܼ,˶޼,{,Qs,c
5720005,,Զܼ,Ƽ,{,Qs,c
5720003,,Զܼ,,{,Qs,c쒬
5720004,,Զܼ,,{,Qs,c
5860075,,Ŷɼ,Ŷ,{,͓s,D
5860073,,Ŷɼ,Ƽ,{,͓s,D
5860074,,Ŷɼ,,{,͓s,D쒬
5860076,,Ŷɼ,ȷ,{,͓s,Dk
5860035,,Ŷɼ,,{,͓s,
5860094,,Ŷɼ,,{,͓s,Rc
5860071,,Ŷɼ,,{,͓s,c
5860054,,Ŷɼ,ж޵,{,͓s,_Ku
5860064,,Ŷɼ,׸,{,͓s,vJ
5860052,,Ŷɼ,ܲ,{,͓s,͍
5860012,,Ŷɼ,,{,͓s,e
5860068,,Ŷɼ,޲,{,͓s,kt
5860091,,Ŷɼ,޳޵,{,͓s,kM]Pu
5860033,,Ŷɼ,,{,͓s,쑽
5860001,,Ŷɼ,,{,͓s,،
5860009,,Ŷɼ,Ƽ,{,͓s,،ː
5860008,,Ŷɼ,˶޼,{,͓s,،˓
5860001,,Ŷɼ,,{,͓s,،˒
5860043,,Ŷɼ,޲,{,͓s,
5860097,,Ŷɼ,ض޵,{,͓s,˃Pu
5860039,,Ŷɼ,޵,{,͓s,Pu
5860003,,Ŷɼ,ɷ˶޼,{,͓s,풬
5860004,,Ŷɼ,ɷƼ,{,͓s,풬
5860026,,Ŷɼ,޷,{,͓s,
5860057,,Ŷɼ,޶,{,͓s,[
5860032,,Ŷɼ,,{,͓s,h
5860011,,Ŷɼ,,{,͓s,̋{
5860066,,Ŷɼ,н,{,͓s,
5860087,,Ŷɼ,ӻ,{,͓s,
5860096,,Ŷɼ,ޭ޵,{,͓s,RPu
5860025,,Ŷɼ,,{,͓s,h
5860051,,Ŷɼ,,{,͓s,L
5860093,,Ŷɼ,,{,͓s,
5860041,,Ŷɼ,޲,{,͓s,t
5860072,,Ŷɼ,,{,͓s,ꔨ
5860036,,Ŷɼ,,{,͓s,
5860027,,Ŷɼ,޲,{,͓s,c䒬
5860018,,Ŷɼ,,{,͓s,c쒬
5860053,,Ŷɼ,,{,͓s,
5860046,,Ŷɼ,Ŷ,{,͓s,ГY
5800015,,׼,޳,{,s,V
5800044,,׼,ޮ,{,s,c
5800021,,׼,ɻ,{,s,̗
5800012,,׼,,{,s,
5800013,,׼,,{,s,O
5800011,,׼,Ƽ¶,{,s,
5800004,,׼,Ƽ,{,s,X
5800024,,׼,˶޼,{,s,V
5800003,,׼,,{,s,É
5800005,,׼,ޯ,{,s,ʏ
5800042,,׼,¶޵,{,s,Pu
5800023,,׼,м,{,s,V
5800046,,׼,ԹŶ,{,s,O
5800041,,׼,Թ˶޼,{,s,O
5800045,,׼,ԹƼ,{,s,O
5800001,,׼,ܶԼ,{,s,
5740000,,޲ĳ,ƹŲޱ,{,哌s,ȉɌfڂȂꍇ
5740046,,޲ĳ,,{,哌s,Ԉ
5740076,,޲ĳ,,{,哌s,
5740003,,޲ĳ,ɻ,{,哌s,̗
5740024,,޲ĳ,,{,哌s,
5740032,,޲ĳ,,{,哌s,ha
5740033,,޲ĳ,,{,哌s,
5740042,,޲ĳ,,{,哌s,
5740001,,޲ĳ,޸,{,哌s,w
5740031,,޲ĳ,Ŷ,{,哌s,쒆V
5740007,,޲ĳ,ɻ,{,哌s,k̗
5740008,,޲ĳ,,{,哌s,kV
5740025,,޲ĳ,޸,{,哌s,䋟c
5740064,,޲ĳ,خ,{,哌s,
5740028,,޲ĳ,ܲ,{,哌s,K
5740077,,޲ĳ,ݶ,{,哌s,O
5740035,,޲ĳ,ֳ,{,哌s,Om
5740053,,޲ĳ,ݱ,{,哌s,Vc
5740051,,޲ĳ,ݻ,{,哌s,Vc
5740056,,޲ĳ,Ŷ,{,哌s,Vc
5740057,,޲ĳ,Ƽ,{,哌s,Vc
5740052,,޲ĳ,ݷ,{,哌s,Vck
5740054,,޲ĳ,˶޼,{,哌s,Vc{
5740055,,޲ĳ,,{,哌s,Vc{
5740037,,޲ĳ,,{,哌s,V
5740036,,޲ĳ,,{,哌s,L
5740026,,޲ĳ,޳,{,哌s,Z
5740061,,޲ĳ,޲ĳ,{,哌s,哌
5941127,,м,,{,as,c
5940012,,м,,{,as,쒬
5941117,,м,,{,as,b
5940002,,м,,{,as,㒬
5941151,,м,׸,{,as,
5940065,,м,ݼ,{,as,ω
5941122,,м,Ŷ,{,as,kc
5941126,,м,,{,as,S
5940081,,м,,{,as,̗t
5941113,,м,۲,{,as,Β
5940022,,м,,{,as,
5940066,,м,,{,as,K
5941111,,м,Ю޲,{,as,
5941114,,м,,{,as,
5940005,,м,ܲ,{,as,K
5940052,,м,,{,as,{
5940021,,м,ݿ,{,as,R
5941121,,м,,{,as,{
5941125,,м,ݼ,{,as,P
5940003,,м,,{,as,
5941132,,м,,{,as,S
5941135,,м,޲,{,as,؈䒬
5940013,,м,޲,{,as,ߎR
5941144,,м,øɽð,{,as,eNmXe[W
5940064,,м,׶,{,as,咬
5940062,,м,,{,as,c
5940082,,м,б,{,as,xH
5941124,,м,,{,as,ʗ
5941116,,м,ɳ,{,as,[Ԓ
5941105,,м,ɿ,{,as,̂ݖ
5940023,,м,ʶ,{,as,
5941106,,м,¶,{,as,͂
5941133,,м,ٷ,{,as,tؐ쒬
5941141,,м,ٷ,{,as,tؒ
5940075,,м,,{,as,ɘa
5940051,,м,˶޼,{,as,{
5940076,,м,˺,{,as,q
5941142,,м,˻,{,as,v䒬
5941115,,м,ײ,{,as,䒬
5941123,,м,̸,{,as,
5940031,,м,̾,{,as,
5940071,,м,,{,as,{
5941136,,м,,{,as,
5940001,,м,ϲ,{,as,
5941131,,м,Ϸ,{,as,ꠔR
5820000,,׼,ƹŲޱ,{,s,ȉɌfڂȂꍇ
5820014,,׼,,{,s,J
5820026,,׼,˶޵,{,s,Pu
5820016,,׼,޳,{,s,
5820029,,׼,,{,s,ΐ쒬
5820002,,׼,,{,s,
5820027,,׼,Ю,{,s,~
5820018,,׼,,{,s,匧
5820020,,׼,,{,s,ЎR
5820007,,׼,в,{,s,s
5820012,,׼,޵,{,s,命
5820004,,׼,,{,s,͌
5820006,,׼,ֽ,{,s,B
5820022,,׼,޲,{,s,s
5820023,,׼,˶ݼޮ,{,s,
5820021,,׼,,{,s,{
5820025,,׼,Ƽ,{,s,
5820009,,׼,,{,s,吳
5820017,,׼,Ͳ,{,s,
5820015,,׼,,{,s,c
5820024,,׼,,{,s,c
5820028,,׼,,{,s,ʎ蒬
5820013,,׼,ĳ,{,s,
5820003,,׼,޳,{,s,
5820019,,׼,,{,s,
5820008,,׼,,{,s,Ò
5820005,,׼,γݼ,{,s,@P
5820001,,׼,ݺ޳,{,s,{
5820011,,׼,޳,{,s,{
5820010,,׼,ɲ,{,s,Rm䒬
5830000,,޷ɼ,ƹŲޱ,{,Hgs,ȉɌfڂȂꍇ
5830842,,޷ɼ,,{,Hgs,
5830876,,޷ɼ,,{,Hgs,ɉ
5830851,,޷ɼ,,{,Hgs,O
5830886,,޷ɼ,ɼ,{,Hgs,bV
5830847,,޷ɼ,,{,Hgs,单
5830868,,޷ɼ,޸ϴ,{,Hgs,wO
5830875,,޷ɼ,,{,Hgs,~R
5830854,,޷ɼ,ٻ,{,Hgs,y
5830867,,޷ɼ,׼ޮ,{,Hgs,͌
5830848,,޷ɼ,Ѷ,{,Hgs,
5830863,,޷ɼ,ɳ,{,Hgs,V
5830874,,޷ɼ,,{,Hgs,S
5830841,,޷ɼ,϶,{,Hgs,PJ
5830857,,޷ɼ,,{,Hgs,_c
5830853,,޷ɼ,,{,Hgs,h
5710043,,ϼ,ܻ޲,{,^s,KːV
5710066,,ϼ,̸,{,^s,K
5710032,,ϼ,޷,{,^s,
5710047,,ϼ,,{,^s,h
5710027,,ϼ,·,{,^s,܌c
5710036,,ϼ,,{,^s,O
5710004,,ϼ,Ӽ϶޼,{,^s,
5710075,,ϼ,Ӽ,{,^s,
5710003,,ϼ,޼,{,^s,n
5710058,,ϼ,,{,^s,H
5710063,,ϼ,ޮ,{,^s,̎
5710072,,ϼ,۶޷,{,^s,_
5710048,,ϼ,޼,{,^s,V
5710030,,ϼ,,{,^s,L
5710001,,ϼ,,{,^s,{
5710001,,ϼ,,{,^s,{
5710013,,ϼ,ݺ޸˶޼,{,^s,Γ
5710014,,ϼ,ݺ޸Ƽ,{,^s,ΐ
5710052,,ϼ,·,{,^s,o
5710059,,ϼ,޳,{,^s,R
5710078,,ϼ,ķ,{,^s,Ւ
5710045,,ϼ,ɼ,{,^s,a
5710055,,ϼ,Ŷ,{,^s,
5710024,,ϼ,ɸ,{,^s,
5710079,,ϼ,ɻ,{,^s,엢
5710054,,ϼ,,{,^s,l
5710039,,ϼ,,{,^s,
5710037,,ϼ,˴,{,^s,Ђ
5710008,,ϼ,˶޼,{,^s,][
5710034,,ϼ,˶޼,{,^s,c
5710042,,ϼ,̶,{,^s,[c
5710021,,ϼ,,{,^s,Mc
5710031,,ϼ,ٶ,{,^s,Ð쒬
5710046,,ϼ,,{,^s,{
5710044,,ϼ,µ,{,^s,
5710056,,ϼ,,{,^s,t
5710015,,ϼ,¼,{,^s,Oc
5710064,,ϼ,޳,{,^s,䓰
5710005,,ϼ,ɸ,{,^s,
5710062,,ϼ,,{,^s,{쒬
5710074,,ϼ,ϴ,{,^s,{O
5710051,,ϼ,Ѻ,{,^s,
5710057,,ϼ,,{,^s,
5710038,,ϼ,ŷ,{,^s,c
5710041,,ϼ,ŷ,{,^s,
5710023,,ϼ,ֺ,{,^s,n
5920002,,,ʺ,{,Ύs,H
5920002,,,ʺӺ,{,Ύs,Hߌ
5920003,,,˶޼ʺ,{,Ύs,H
5950081,,,,{,Ύs,썂
5830000,,̼޲׼,ƹŲޱ,{,䎛s,ȉɌfڂȂꍇ
5830015,,̼޲׼,,{,䎛s,R
5830004,,̼޲׼,Ҷ޴,{,䎛s,~
5830036,,̼޲׼,л,{,䎛s,b
5830008,,̼޲׼,,{,䎛s,
5830027,,̼޲׼,,{,䎛s,
5830026,,̼޲׼,޵,{,䎛s,tu
5830025,,̼޲׼,޵,{,䎛s,tuc
5830001,,̼޲׼,ܷ,{,䎛s,k
5830035,,̼޲׼,,{,䎛s,k
5830006,,̼޲׼,,{,䎛s,{
5830013,,̼޲׼,,{,䎛s,Î
5830033,,̼޲׼,,{,䎛s,R
5830031,,̼޲׼,ϼ,{,䎛s,RV
5830034,,̼޲׼,̼ɻ,{,䎛s,R̗
5830032,,̼޲׼,̼,{,䎛s,R
5830023,,̼޲׼,,{,䎛s,璬
5830011,,̼޲׼,,{,䎛s,c
5830005,,̼޲׼,,{,䎛s,y
5830037,,̼޲׼,޳,{,䎛s,Ó
5830012,,̼޲׼,޳Ю,{,䎛s,
5830009,,̼޲׼,Ƽ,{,䎛s,
5830018,,̼޲׼,Ƽ,{,䎛s,Î
5830014,,̼޲׼,Ŷ,{,䎛s,쒆
5830007,,̼޲׼,Լ,{,䎛s,
5830022,,̼޲׼,˶޼̼޲,{,䎛s,䎛
5830024,,̼޲׼,̼޲,{,䎛s,䎛
5830017,,̼޲׼,̼޶޵,{,䎛s,Pu
5830003,,̼޲׼,ʼ,{,䎛s,D
5830002,,̼޲׼,γޮ,{,䎛s,k
5830021,,̼޲׼,,{,䎛s,M
5830016,,̼޲׼,خ,{,䎛s,˓쒬
5770000,,˶޼,ƹŲޱ,{,s,ȉɌfڂȂꍇ
5798048,,˶޼,,{,s,
5770841,,˶޼,,{,s,
5770057,,˶޼,ۼ,{,s,V
5770842,,˶޼,,{,s,
5770058,,˶޼,۷,{,s,k
5770846,,˶޼,޳,{,s,ݓck
5770848,,˶޼,޳Ƽ,{,s,ݓc
5770827,,˶޼,,{,s,ߐ
5798015,,˶޼,,{,s,kΐؒ
5780978,,˶޼,ɲ,{,s,kr
5798043,,˶޼,޳,{,s,qV
5798041,,˶޼,ض,{,s,엢쒬
5798003,,˶޼,,{,s,
5770006,,˶޼,,{,s,퍪
5770822,,˶޼,ݼ޶޵,{,s,Pu
5780962,,˶޼,ɲ,{,s,r
5780977,,˶޼,ɲĸ,{,s,r
5780971,,˶޼,ɲ,{,s,r{
5780974,,˶޼,ɲ,{,s,r
5780972,,˶޼,ɲ,{,s,r
5770801,,˶޼,,{,s,
5770802,,˶޼,,{,s,{
5798042,,˶޼,޼ޮ,{,s,܏
5770837,,˶޼,޷,{,s,
5780915,,˶޼,,{,s,Ö
5770818,,˶޼,ܶ,{,s,]
5798047,,˶޼,,{,s,
5770849,,˶޼,ɾ,{,s,Om
5770052,,˶޼,,{,s,V쑽
5798053,,˶޼,ޮ,{,s,l
5770005,,˶޼,,{,s,
5770836,,˶޼,޶,{,s,a쒬
5780981,,˶޼,ɳ,{,s,V
5770803,,˶޼,Ӻ,{,s,
5798066,,˶޼,۸ݼ,{,s,Z
5770831,,˶޼,ĸ,{,s,r
5798046,,˶޼,,{,s,a
5798065,,˶޼,ݲ,{,s,Vr
5770813,,˶޼,ݶк,{,s,V㏬
5770025,,˶޼,ݹ,{,s,V
5770027,,˶޼,ݹŶ,{,s,Vƒ
5770026,,˶޼,ݹ˶޼,{,s,VƓ
5770028,,˶޼,ݹƼ,{,s,VƐ
5780967,,˶޼,ݺɲ,{,s,Vr
5780963,,˶޼,ݼޮ,{,s,V
5720826,,Զܼ,ݽ,{,Qs,쐅
5720043,,Զܼ,Ƽ,{,Qs,ђ
5720028,,Զܼ,¼,{,Qs,V
5720066,,Զܼ,ܼ,{,Qs,ma
5720076,,Զܼ,ܼ,{,Qs,ma{
5720801,,Զܼ,,{,Qs,Q
5720848,,Զܼ,,{,Qs,`
5720014,,Զܼ,޲,{,Qs,
5720833,,Զܼ,ʯ,{,Qs,
5720837,,Զܼ,Ժ,{,Qs,q
5720042,,Զܼ,˶޼ļ,{,Qs,嗘
5720045,,Զܼ,˶޼,{,Qs,_c
5720081,,Զܼ,˶޼ش,{,Qs,
5720835,,Զܼ,,{,Qs,Vo
5720839,,Զܼ,ײ,{,Qs,r
5720814,,Զܼ,п,{,Qs,xa
5720810,,Զܼ,п޷,{,Qs,xak
5720832,,Զܼ,,{,Qs,{
5720086,,Զܼ,,{,Qs,
5720013,,Զܼ,в޵,{,Qs,O䂪u
5720007,,Զܼ,в,{,Qs,䒬
5720019,,Զܼ,в,{,Qs,O쒬
5720006,,Զܼ,в,{,Qs,䌳
5720022,,Զܼ,,{,Qs,Β
5720055,,Զܼ,շ˶޼,{,Qs,K
5720056,,Զܼ,շƼ,{,Qs,K
5720011,,Զܼ,Ҳĸ,{,Qs,
5720838,,Զܼ,Ի,{,Qs,⒬
5720031,,Զܼ,ܶ,{,Qs,t
5860000,,Ŷɼ,ƹŲޱ,{,͓s,ȉɌfڂȂꍇ
5860095,,Ŷɼ,޲,{,͓s,
5860084,,Ŷɼ,˶޵,{,͓s,Pu
5860086,,Ŷɼ,,{,͓s,V쒬
5860062,,Ŷɼ,,{,͓s,V
5860069,,Ŷɼ,Ĺ,{,͓s,Ε
5860058,,Ŷɼ,ж,{,͓s,Ό
5860002,,Ŷɼ,,{,͓s,s
5860061,,Ŷɼ,ܾ,{,͓s,␣
5860034,,Ŷɼ,,{,͓s,c
5860037,,Ŷɼ,,{,͓s,㌴
5860038,,Ŷɼ,Ƽ,{,͓s,㌴
5860056,,Ŷɼ,,{,͓s,
5860014,,Ŷɼ,Ŷ,{,͓s,쒬
5860063,,Ŷɼ,Ŷ,{,͓s,J
5860077,,Ŷɼ,ݶ޲,{,͓s,ԑ
5860047,,Ŷɼ,Ƽ,{,͓s,ГY
5860031,,Ŷɼ,Ƽ,{,͓s,ђ
5860016,,Ŷɼ,Ƽ޲,{,͓s,㒬
5860024,,Ŷɼ,Ƽ,{,͓s,VR
5860042,,Ŷɼ,ĳ,{,͓s,
5860023,,Ŷɼ,ɻ,{,͓s,쒬
5860055,,Ŷɼ,,{,͓s,
5860021,,Ŷɼ,,{,͓s,
5860045,,Ŷɼ,˶޼,{,͓s,ГY
5860085,,Ŷɼ,,{,͓s,
5860017,,Ŷɼ,,{,͓s,Ö쒬
5860022,,Ŷɼ,,{,͓s,{
5860015,,Ŷɼ,,{,͓s,{
5860006,,Ŷɼ,¶޵Ŷ,{,͓s,Pu
5860007,,Ŷɼ,¶޵˶޼,{,͓s,Pu
5860005,,Ŷɼ,¶޵Ƽ,{,͓s,Pu
5860044,,Ŷɼ,ж޲,{,͓s,̑
5860048,,Ŷɼ,Я,{,͓s,Os
5860082,,Ŷɼ,ض޵Ŷ,{,͓s,΃Pu
5860083,,Ŷɼ,ض޵,{,͓s,΃Pu쒬
5860081,,Ŷɼ,ض޵,{,͓s,΃Puk
5860067,,Ŷɼ,б޲,{,͓s,t
5860065,,Ŷɼ,ж޵,{,͓s,Pu
5860092,,Ŷɼ,з޳޵,{,͓s,M]Pu
5860013,,Ŷɼ,Ѷ,{,͓s,쒬
5800000,,׼,ƹŲޱ,{,s,ȉɌfڂȂꍇ
5800043,,׼,,{,s,
5800032,,׼,˶޼,{,s,V
5800034,,׼,Ƽ,{,s,V
5800033,,׼,,{,s,V
5800031,,׼,з,{,s,Vk
5800026,,׼,ж޳,{,s,V䓰
5800016,,׼,,{,s,c
5800006,,׼,,{,s,x
5800014,,׼,,{,s,
5800002,,׼,,{,s,
5800022,,׼,ܲ,{,s,͍
5800025,,׼,,{,s,kV
5800017,,׼,޶޷,{,s,Ċ_
5740045,,޲ĳ,,{,哌s,qc
5740012,,޲ĳ,,{,哌s,
5740074,,޲ĳ,ƶ,{,哌s,J
5740017,,޲ĳ,,{,哌s,Â̕Ӓ
5740014,,޲ĳ,׶,{,哌s,
5740013,,޲ĳ,Ŷ޲,{,哌s,_
5740006,,޲ĳ,Ŷɻ,{,哌s,̗
5740063,,޲ĳ,ݺ޳,{,哌s,싽
5740002,,޲ĳ,Ƽ,{,哌s,ђ
5740005,,޲ĳ,Ƽɻ,{,哌s,̗
5740015,,޲ĳ,ɻ޷,{,哌s,
5740043,,޲ĳ,ʲ޶,{,哌s,D
5740041,,޲ĳ,,{,哌s,l
5740062,,޲ĳ,,{,哌s,X
5740022,,޲ĳ,,{,哌s,쉮
5740021,,޲ĳ,Լ,{,哌s,쉮V
5740072,,޲ĳ,̺,{,哌s,[
5740075,,޲ĳ,̺,{,哌s,[쒬
5740071,,޲ĳ,̺ɷ,{,哌s,[k
5740011,,޲ĳ,γޮ,{,哌s,k
5740034,,޲ĳ,γײ,{,哌s,
5740027,,޲ĳ,н,{,哌s,OZ
5740073,,޲ĳ,ض޵,{,哌s,΂u
5740004,,޲ĳ,иɻ,{,哌s,̗
5740023,,޲ĳ,м,{,哌s,Vc
5740016,,޲ĳ,,{,哌s,Â̕Ӓ
5740044,,޲ĳ,̸,{,哌s,
5940000,,м,ƹŲޱ,{,as,ȉɌfڂȂꍇ
5941153,,м,޲,{,as,t
5940053,,м,,{,as,
5941157,,м,,{,as,ݖ
5940083,,м,,{,as,r㒬
5940032,,м,޼,{,as,rc
5940054,,м,ޮ,{,as,@
5940072,,м,ɸ,{,as,m
5940041,,м,޷,{,as,Ԃ
5940063,,м,̸,{,as,
5940011,,м,޲,{,as,㒬
5941156,,м,,{,as,c
5941103,,м,,{,as,Yc
5940004,,м,,{,as,q
5941134,,м,,{,as,쒬
5941128,,м,,{,as,
5940074,,м,,{,as,c
5940006,,м,ɲ,{,as,䒬
5941154,,м,µ,{,as,
5941152,,м,,{,as,܂Ȃі
5941104,,м,,{,as,
5940042,,м,ж,{,as,`
5941118,,м,н޷޲,{,as,݂
5941155,,м,ض޵,{,as,΃Pu
5941112,,м,Լ,{,as,Oђ
5941101,,м,޳,{,as,
5940061,,м,ֲ,{,as,퐶
5941143,,м,ܶ,{,as,~
5940073,,м,ܹ,{,as,aC
5941102,,м,,{,as,ac
5620000,,ɵ,ƹŲޱ,{,ʎs,ȉɌfڂȂꍇ
5620025,,ɵ,޲,{,ʎs,O@
5620024,,ɵ,ݹ,{,ʎs,V
5620021,,ɵ,,{,ʎs,ԒJ
5620022,,ɵ,˶޼,{,ʎs,ԒJ
5620023,,ɵ,Ƽ,{,ʎs,ԒJ
5620027,,ɵ,,{,ʎs,Ί
5620015,,ɵ,,{,ʎs,
5620033,,ɵ,,{,ʎs,{
5620031,,ɵ,˶޼,{,ʎs,쌴
5620032,,ɵ,Ƽ,{,ʎs,쌴
5620006,,ɵ,ݾ,{,ʎs,
5630251,,ɵ,,{,ʎs,~XC
5620014,,ɵ,,{,ʎs,
5620026,,ɵ,޲,{,ʎs,O@
5620028,,ɵ,ı,{,ʎs,ʓs
5620029,,ɵ,ı,{,ʎs,ʓsk
5620041,,ɵ,,{,ʎs,
5620043,,ɵ,ײ,{,ʎs,
5620046,,ɵ,׶޵,{,ʎs,Pu
5630252,,ɵ,,{,ʎs,~XC
5620045,,ɵ,,{,ʎs,
5620035,,ɵ,˶޼,{,ʎs,D꓌
5620036,,ɵ,Ƽ,{,ʎs,Dꐼ
5620005,,ɵ,Ʋ,{,ʎs,V
5620003,,ɵ,Ƽ,{,ʎs,H
5620034,,ɵ,Ƽޭ,{,ʎs,h
5620011,,ɵ,Ʈ,{,ʎs,@ӒJ
5620012,,ɵ,ʸ,{,ʎs,
5620044,,ɵ,ݼޮ,{,ʎs,
5620042,,ɵ,ˬ׸,{,ʎs,Sy
5620013,,ɵ,޳,{,ʎs,V
5620004,,ɵ,Ϸ,{,ʎs,q
5620001,,ɵ,ɵ,{,ʎs,
5620002,,ɵ,ɵ,{,ʎs,ʌ
5830881,,޷ɼ,ϲ,{,Hgs,
5830862,,޷ɼ,,{,Hgs,ړx
5830855,,޷ɼ,,{,Hgs,
5830882,,޷ɼ,ܼ,{,Hgs,h
5830843,,޷ɼ,³γ,{,Hgs,ʖ@
5830844,,޷ɼ,޲,{,Hgs,
5830861,,޷ɼ,Ƽ,{,Hgs,Y
5830884,,޷ɼ,,{,Hgs,
5830871,,޷ɼ,ɳ,{,Hgs,X
5830856,,޷ɼ,ʸ,{,Hgs,
5830866,,޷ɼ,ƭ,{,Hgs,
5830864,,޷ɼ,޷޵,{,Hgs,Hgu
5830865,,޷ɼ,޷޵Ƽ,{,Hgs,Hgu
5830872,,޷ɼ,޷,{,Hgs,͂т
5830846,,޷ɼ,˶޼,{,Hgs,c
5830845,,޷ɼ,۾,{,Hgs,L
5830852,,޷ɼ,ٲ,{,Hgs,Îs
5830885,,޷ɼ,дɼ,{,Hgs,bV
5830858,,޷ɼ,ٲ,{,Hgs,Îs
5830883,,޷ɼ,Ѷ,{,Hgs,
5830873,,޷ɼ,޲,{,Hgs,R
5710000,,ϼ,ƹŲޱ,{,^s,ȉɌfڂȂꍇ
5710061,,ϼ,,{,^s,
5710067,,ϼ,,{,^s,Ό
5710053,,ϼ,,{,^s,
5710033,,ϼ,,{,^s,Ԓ
5710028,,ϼ,,{,^s,ŉz
5710029,,ϼ,,{,^s,ŉz
5710012,,ϼ,,{,^s,][
5710076,,ϼ,,{,^s,r
5710068,,ϼ,,{,^s,q
5710077,,ϼ,ʼ,{,^s,勴
5710022,,ϼ,,{,^s,
5710065,,ϼ,,{,^s,_
5710050,,ϼ,,{,^s,^
5710004,,ϼ,м϶޼,{,^s,㓇
5710071,,ϼ,м,{,^s,㓇
5710070,,ϼ,ɸ,{,^s,
5710006,,ϼ,޼,{,^s,n
5710002,,ϼ,,{,^s,ݘac
5710007,,ϼ,,{,^s,kݘac
5710025,,ϼ,,{,^s,k
5710026,,ϼ,,{,^s,k
5710073,,ϼ,,{,^s,k{
5710035,,ϼ,ܻ޲,{,^s,K
5710011,,ϼ,ܷ,{,^s,ec
5660000,,¼,ƹŲޱ,{,ےÎs,ȉɌfڂȂꍇ
5660051,,¼,,{,ےÎs,А쒬
5660033,,¼,޸,{,ےÎs,w
5660041,,¼,,{,ےÎs,kʕ{
5660034,,¼,۴,{,ےÎs,I
5660032,,¼,,{,ےÎs,
5660023,,¼,ެ,{,ےÎs,
5660024,,¼,ެ,{,ےÎs,{
5660012,,¼,,{,ےÎs,
5660031,,¼,ܴ,{,ےÎs,a
5660055,,¼,ݻ޲,{,ےÎs,V݉
5660001,,¼,ص,{,ےÎs,痢u
5660011,,¼,ص˶޼,{,ےÎs,痢u
5660035,,¼,,{,ےÎs,ߖ
5660062,,¼,ض,{,ےÎs,
5660064,,¼,ضŶ,{,ےÎs,
5660071,,¼,ض,{,ےÎs,
5660065,,¼,ض,{,ےÎs,V
5660053,,¼,ض,{,ےÎs,X
5660054,,¼,ض޳,{,ےÎs,h
5660061,,¼,ضʯ,{,ےÎs,
5660052,,¼,ض,{,ےÎs,{
5660063,,¼,ضҲӸ,{,ےÎs,ؒ
5660073,,¼,ض޳,{,ےÎs,a
5660072,,¼,ضƼ,{,ےÎs,
5660044,,¼,Ƽ,{,ےÎs,É
5660047,,¼,,{,ےÎs,l
5660013,,¼,ݷެ,{,ےÎs,}
5660025,,¼,˶޼ެ,{,ےÎs,
5660074,,¼,˶޼,{,ےÎs,É
5660042,,¼,˶޼,{,ےÎs,ʕ{
5660043,,¼,,{,ےÎs,É
5660046,,¼,,{,ےÎs,ʕ{
5660022,,¼,м,{,ےÎs,O
5660021,,¼,оص,{,ےÎs,痢u
5660045,,¼,,{,ےÎs,ʕ{
5920000,,,ƹŲޱ,{,Ύs,ȉɌfڂȂꍇ
5920014,,,Կ,{,Ύs,
5920011,,,,{,Ύs,
5920001,,,,{,Ύs,
5920004,,,,{,Ύs,tl
5920006,,,,{,Ύs,tl
5920005,,,,{,Ύs,c
5920013,,,ز,{,Ύs,
5920012,,,Ƽز,{,Ύs,
5770843,,˶޼,׶,{,s,r
5770023,,˶޼,,{,s,r{
5770022,,˶޼,ļ,{,s,r{V
5770024,,˶޼,Ƽ,{,s,r{
5770011,,˶޼,ķ,{,s,r{k
5798064,,˶޼,,{,s,r
5798002,,˶޼,,{,s,rV[
5798033,,˶޼,Ӳ,{,s,o_䒬
5798034,,˶޼,Ӳ,{,s,o_{
5770002,,˶޼,޳,{,s,c㒬
5770004,,˶޼,޼,{,s,cV
5770007,,˶޼,,{,s,c{
5770003,,˶޼,м,{,s,cO
5780925,,˶޼,,{,s,t
5780903,,˶޼,Ϻ,{,s,
5780941,,˶޼,,{,s,c
5780946,,˶޼,ح޳,{,s,Z
5770809,,˶޼,,{,s,ia
5770817,,˶޼,޳,{,s,ߍ]
5770824,,˶޼,ʽ˶޼,{,s,@
5770825,,˶޼,ʽ,{,s,@
5770826,,˶޼,ʽ,{,s,@k
5770833,,˶޼,˶޼,{,s,c
5770834,,˶޼,,{,s,c{
5770835,,˶޼,Ƽ,{,s,c
5770823,,˶޼,ŵ,{,s,
5770815,,˶޼,,{,s,
5780901,,˶޼,ɳ,{,s,[
6300271,,˶޼,в(28631451),{,s,ΐؒiQڂWURAPSTPԒnj
5798012,,˶޼,в(),{,s,ΐؒȋj
5770806,,˶޼,к,{,s,㏬
5798052,,˶޼,мޮ,{,s,l
5798062,,˶޼,۸ݼ,{,s,Z
5780905,,˶޼,,{,s,c
5798044,,˶޼,,{,s,͓
5780902,,˶޼,Ŷ,{,s,쒆
5770063,,˶޼,,{,s,얓
5770064,,˶޼,,{,s,얓{
5798058,,˶޼,,{,s,_c
5770847,,˶޼,޳,{,s,ݓc쒬
5780951,,˶޼,ݼޮ˶޼,{,s,V
5780964,,˶޼,ݼޮƼ,{,s,V
5780958,,˶޼,ݼޮ,{,s,V
5798037,,˶޼,,{,s,V
5798055,,˶޼,,{,s,L
5780912,,˶޼,,{,s,pc
5798001,,˶޼,ݺݼ,{,s,P
5770844,,˶޼,Ͳ,{,s,
5770053,,˶޼,,{,s,c
5770065,,˶޼,Ŷ,{,s,c
5770066,,˶޼,޵,{,s,c{
5770054,,˶޼,,{,s,c
5770067,,˶޼,Ƽ,{,s,c
5798036,,˶޼,,{,s,a
5798025,,˶޼,,{,s,
5798023,,˶޼,,{,s,Ԓ
5780932,,˶޼,ϸ˶޼,{,s,ʋ
5780934,,˶޼,ϸƼ,{,s,ʋ
5780933,,˶޼,ϸ,{,s,ʋ
5770055,,˶޼,,{,s,h
5770056,,˶޼,޳,{,s,
5770845,,˶޼,ϴ,{,s,O
5770001,,˶޼,ĸ,{,s,{
5770816,,˶޼,Ӳ,{,s,F
5798031,,˶޼,ֳ,{,s,LY
5798035,,˶޼,ز,{,s,
5798014,,˶޼,Ŷ,{,s,ΐؒ
5780975,,˶޼,Ŷɲ,{,s,r
5770804,,˶޼,Ŷ,{,s,
5780911,,˶޼,Ŷݶ,{,s,VJ
5780913,,˶޼,Ŷ,{,s,
5770832,,˶޼,Ŷ޾,{,s,
5770015,,˶޼,Ŷ,{,s,c
5770014,,˶޼,ŶŲ,{,s,c
5770013,,˶޼,ŶŶ,{,s,c
5770012,,˶޼,Ŷ˶޼,{,s,c
5770016,,˶޼,ŶƼ,{,s,c
5798024,,˶޼,ݿ,{,s,쑑
5798013,,˶޼,Ƽ,{,s,ΐؒ
5780947,,˶޼,Ƽ,{,s,c
5770811,,˶޼,Ƽк,{,s,㏬
5780976,,˶޼,Ƽɲ,{,s,r
5770042,,˶޼,Ƽ,{,s,
5770044,,˶޼,Ƽж޸,{,s,w
5770047,,˶޼,Ƽиɷ,{,s,풬
5770048,,˶޼,ƼƼ,{,s,琼
5770045,,˶޼,Ƽ޵˶޼,{,s,{ʓ
5770046,,˶޼,Ƽ޵Ƽ,{,s,{ʐ
5798021,,˶޼,Ƕ,{,s,zc
5798004,,˶޼,ɲ,{,s,zs
5798038,,˶޼,ʺ,{,s,a
5780931,,˶޼,ſ˶޼,{,s,ԉ
5780936,,˶޼,ſƼ,{,s,ԉ
5780937,,˶޼,ſ,{,s,ԉ{
5798011,,˶޼,˶޼,{,s,ΐؒ
5770812,,˶޼,˶޼к,{,s,㏬
5780973,,˶޼,˶޼ɲ,{,s,r
5798032,,˶޼,˶޼ֳ,{,s,LY
5798027,,˶޼,˶޼,{,s,R
5780984,,˶޼,˼,{,s,H]
5780948,,˶޼,˼˶޼(),{,s,Hiځj
5770021,,˶޼,˼˶޼(),{,s,HiԒnj
5770807,,˶޼,˼Ƽ(),{,s,Hiځj
5770051,,˶޼,˼Ƽ(),{,s,HiԒnj
5798051,,˶޼,ˮ,{,s,Z\R
5770017,,˶޼,̼ļ,{,s,ːVc
5770805,,˶޼,γ,{,s,
5780953,,˶޼,ݼޮ,{,s,{
5780957,,˶޼,ݼޮŶ,{,s,{
5780952,,˶޼,ݼޮ˶޼,{,s,{
5780965,,˶޼,ݼޮƼ,{,s,{
5798045,,˶޼,,{,s,{
5780922,,˶޼,,{,s,
5780923,,˶޼,,{,s,
5770032,,˶޼,и,{,s,~
5770036,,˶޼,иԻ,{,s,~h
5770035,,˶޼,иŶ,{,s,~
5770037,,˶޼,иƼ,{,s,~m
5770033,,˶޼,и˶޼,{,s,~
5900513,,ݼ,,{,s,MB픨
5900511,,ݼ,½,{,s,MB
5900522,,ݼ,Ϸ,{,s,MBq
5900515,,ݼ,µ,{,s,MBZ
5900512,,ݼ,,{,s,MBq
5490021,,ݼ,ݼ,{,s,B`
5900521,,ݼ,ٲ,{,s,M
5900533,,ݼ,ź,{,s,H
5900534,,ݼ,,{,s,
5900525,,ݼ,,{,s,n
5900524,,ݼ,,{,s,
5900502,,ݼ,ޯ,{,s,ʏ
5900535,,ݼ,ݸ,{,s,񂭂l
5750000,,ޮü,ƹŲޱ,{,ls,ȉɌfڂȂꍇ
5750034,,ޮü,,{,ls,]
5750011,,ޮü,,{,ls,
5750004,,ޮü,(),{,ls,RiԒnj
5750002,,ޮü,(),{,ls,Riځj
5750003,,ޮü,˶޼,{,ls,R
5750014,,ޮü,,{,ls,c
5750045,,ޮü,Ƽ,{,ls,剮
5750036,,ޮü,,{,ls,剮쒬
5750035,,ޮü,Է,{,ls,剮k
5750043,,ޮü,,{,ls,ko
5750063,,ޮü,,{,ls,
5750062,,ޮü,,{,ls,V
5750061,,ޮü,Ŷ,{,ls,ꒆ
5750032,,ޮü,һ޷,{,ls,č蒬
5750015,,ޮü,·޵,{,ls,Pu
5750031,,ޮü,,{,ls,
5750041,,ޮü,Լ,{,ls,V
5750042,,ޮü,,{,ls,{
5750012,,ޮü,,{,ls,c
5750001,,ޮü,,{,ls,
5750013,,ޮü,޲,{,ls,c
5750024,,ޮü,¶ܷ,{,ls,˘e
5750053,,ޮü,Ŷ(),{,ls,iԒnj
5750052,,ޮü,Ŷ(),{,ls,iځj
5750054,,ޮü,Ŷɼ,{,ls,V
5750051,,ޮü,Ŷ,{,ls,{
5750023,,ޮü,ݺ,{,ls,
5890009,,ϼ,ط,{,㋷Rs,rKk
5890031,,ϼ,,{,㋷Rs,rV
5890021,,ϼ,ϸ,{,㋷Rs,F
5890032,,ϼ,,{,㋷Rs,⎺
5890023,,ϼ,޲,{,㋷Rs,
5890015,,ϼ,Ŷ,{,㋷Rs,쒆
5890014,,ϼ,˶޼,{,㋷Rs,쓌
5890016,,ϼ,Ƽ,{,㋷Rs,쐼
5890013,,ϼ,ɷ,{,㋷Rs,Ζ
5890006,,ϼ,ݺ޳,{,㋷Rs,
5890005,,ϼ,,{,㋷Rs,R
5890022,,ϼ,Ƽ޲,{,㋷Rs,R
5890011,,ϼ,,{,㋷Rs,c
5890004,,ϼ,˶޼,{,㋷Rs,rK
5890012,,ϼ,˶޼ɷ,{,㋷Rs,Ζ
5890002,,ϼ,˶޼Ŷ,{,㋷Rs,쒆
5890003,,ϼ,˶޼˶޼,{,㋷Rs,쓌
5890001,,ϼ,˶޼Ƽ,{,㋷Rs,쐼
5890034,,ϼ,Ŷ,{,㋷Rs,R{
5890036,,ϼ,˶޼,{,㋷Rs,R{
5890033,,ϼ,,{,㋷Rs,R{
5890035,,ϼ,ķ,{,㋷Rs,R{k
5990200,,ݼ,ƹŲޱ,{,s,ȉɌfڂȂꍇ
5990221,,ݼ,,{,s,Γc
5990213,,ݼ,į,{,s,a򒹎
5990201,,ݼ,޷,{,s,蒬
5990231,,ݼ,,{,s,L|
5990203,,ݼ,,{,s,c
5990222,,ݼ,,{,s,K
5990223,,ݼ,ֳ޲,{,s,z
5990215,,ݼ,·޲,{,s,
5990212,,ݼ,,{,s,Rc
5990202,,ݼ,Ӳ,{,s,o
5990205,,ݼ,,{,s,V
5990234,,ݼ,,{,s,W
5990204,,ݼ,į,{,s,
5990211,,ݼ,įŶ,{,s,撆
5990225,,ݼ,į²,{,s,O
5990232,,ݼ,ʺ¸,{,s,
5990235,,ݼ,ʺɳ,{,s,̉Y
5990224,,ݼ,ϲ,{,s,
5990216,,ݼ,ض޵,{,s,΃Pu
5990233,,ݼ,Ŷ,{,s,R
5990236,,ݼ,ɷ޲,{,s,̖ؑ
5630113,,ɸɾ,׶޷,{,L\S\,q_
5630351,,ɸɾ,ٽ,{,L\S\,I
5630367,,ɸɾ,,{,L\S\,_R
5630121,,ɸɾ,޵,{,L\S\,n
5630123,,ɸɾ,,{,L\S\,cK
5630355,,ɸɾ,,{,L\S\,c
5630341,,ɸɾ,,{,L\S\,h
5630112,,ɸɾ,,{,L\S\,
5630366,,ɸɾ,,{,L\S\,
5630371,,ɸɾ,ɳ,{,L\S\,V
5630368,,ɸɾ,Ŷ,{,L\S\,J
5630133,,ɸɾ,ϲż,{,L\S\,Ԉn
5630131,,ɸɾ,ϵ,{,L\S\,ԑ匴
5630134,,ɸɾ,ϼ,{,L\S\,ԏo
5630132,,ɸɾ,Ŷ,{,L\S\,Ԓ
5630135,,ɸɾ,Ƽ,{,L\S\,ԐR
5630356,,ɸɾ,޵,{,L\S\,
5630364,,ɸɾ,,{,L\S\,
5630362,,ɸɾ,ض,{,L\S\,X
5630114,,ɸɾ,ϳ,{,L\S\,R
5630373,,ɸɾ,,{,L\S\,Rc
5630372,,ɸɾ,,{,L\S\,R
5630111,,ɸɾ,ּ,{,L\S\,g
5950000,,޸޵,ƹŲޱ,{,kS,ȉɌfڂȂꍇ
5950803,,޸޵,,{,kS,ko
5950802,,޸޵,·,{,kS,
5950801,,޸޵,·,{,kS,k
5950812,,޸޵,޵Ŷ,{,kS,
5950805,,޸޵,޵˶޼,{,kS,
5950813,,޸޵,޵,{,kS,
5950811,,޸޵,޵,{,kS,k
5950814,,޸޵,Ʋ,{,kS,Vl
5950804,,޸޵,Ͼ,{,kS,n
5900400,,ݸݸ,ƹŲޱ,{,SF撬,ȉɌfڂȂꍇ
5900458,,ݸݸ,Ƽ,{,SF撬,㐼
5900457,,ݸݸ,˶޼,{,SF撬,㓌
5900459,,ݸݸ,޲,{,SF撬,
5900451,,ݸݸ,,{,SF撬,c
5900456,,ݸݸ,и޲,{,SF撬,F
5900453,,ݸݸ,޲,{,SF撬,R̎
5900452,,ݸݸ,޲,{,SF撬,R̎
5900433,,ݸݸ,ܶ,{,SF撬,t
5900417,,ݸݸ,,{,SF撬,ac
5980000,,ݸ,ƹŲޱ,{,ScK,ȉɌfڂȂꍇ
5980091,,ݸ,,{,ScK,Ïˎ
5490011,,ݸ,ݼŶ,{,ScK,B`
5980092,,ݸ,ּ,{,ScK,g
5980094,,ݸ,ݸ߰,{,ScK,񂭂|[g
5980093,,ݸ,ݸ߰ķ,{,ScK,񂭂|[gk
5990300,,ݸл,ƹŲޱ,{,S,ȉɌfڂȂꍇ
5990302,,ݸл,,{,S,Fq
5990314,,ݸл,Ŷܺ,{,S,ސ쏬
5990311,,ݸл,Ŷƶ,{,S,ސJ
5990312,,ݸл,Ŷ˶޼,{,S,ސ쓌
5990313,,ݸл,ŶƼ,{,S,ސ쐼
5990301,,ݸл,,{,S,W
5990304,,ݸл,ɿл޶,{,S,]C
5990303,,ݸл,̹,{,S,[
5830000,,ж,ƹŲޱ,{,͓Sq,ȉɌfڂȂꍇ
5830991,,ж,,{,͓Sq,t
5830996,,ж,޲,{,͓Sq,a
5830995,,ж,,{,͓Sq,q
5830993,,ж,,{,͓Sq,
5830994,,ж,,{,͓Sq,t
5830992,,ж,,{,͓Sq,Rc
5850000,,жݶ,ƹŲޱ,{,͓S͓쒬,ȉɌfڂȂꍇ
5850002,,жݶ,,{,͓S͓쒬,{
5850012,,жݶ,ɳ,{,͓S͓쒬,[
5850024,,жݶ,ж,{,͓S͓쒬,͓
5850035,,жݶ,ݺ,{,͓S͓쒬,O
5850034,,жݶ,,{,͓S͓쒬,_R
5850025,,жݶ,׻޶,{,͓S͓쒬,
5770034,,˶޼,и,{,s,~
5780966,,˶޼,м,{,s,O
5780921,,˶޼,нʲ,{,s,
5770814,,˶޼,жк,{,s,㏬
5780961,,˶޼,кɲ,{,s,썃r
5798054,,˶޼,мޮ,{,s,l
5780914,,˶޼,,{,s,
5798057,,˶޼,շ,{,s,K
5798005,,˶޼,,{,s,
5770062,,˶޼,ض˶޼,{,s,X͓
5770061,,˶޼,ضƼ,{,s,X͓
5798022,,˶޼,,{,s,R蒬
6300272,,˶޼,(2017201820272028),{,s,R蒬iQOPVAQOPWAQOQVAQOQWԒnj
5798026,,˶޼,ֲ,{,s,퐶
5798063,,˶޼,ֺ,{,s,H
5770808,,˶޼,ֺ,{,s,
5780954,,˶޼,ֺϸ,{,s,
5780955,,˶޼,ֺϸ˶޼,{,s,
5780956,,˶޼,ֺϸƼ,{,s,
5780924,,˶޼,ּ,{,s,gc
5780983,,˶޼,ּӼ,{,s,gc
5780982,,˶޼,ּ,{,s,gc{
5780904,,˶޼,ּ,{,s,g
5770821,,˶޼,ּ,{,s,g
5798061,,˶޼,۸ݼ,{,s,Z
5780935,,˶޼,ܶ˶޼,{,s,]
5780943,,˶޼,ܶ,{,s,]쒬
5780945,,˶޼,ܶ,{,s,]k
5780944,,˶޼,ܶƼ,{,s,]V
5780942,,˶޼,ܶ,{,s,]{
5798056,,˶޼,ܶ,{,s,ᑐ
5900500,,ݼ,ƹŲޱ,{,s,ȉɌfڂȂꍇ
5900501,,ݼ,,{,s,ec
5900531,,ݼ,,{,s,c
5900526,,ݼ,ɻ,{,s,j
5900532,,ݼ,,{,s,k
5900503,,ݼ,ݹ,{,s,V
5900504,,ݼ,,{,s,MBs
5900523,,ݼ,Ŷ,{,s,MB
5900505,,ݼ,ɼ,{,s,MBc
5900514,,ݼ,ճ,{,s,MBF
5750044,,ޮü,޵,{,ls,񒚒ʒ
5750033,,ޮü,,{,ls,c
5750022,,ޮü,(),{,ls,iԒnj
5750021,,ޮü,(),{,ls,iځj
5750016,,ޮü,خ̳޲,{,ls,Ε
5760000,,ɼ,ƹŲޱ,{,s,ȉɌfڂȂꍇ
5760066,,ɼ,,{,s,R
5760034,,ɼ,ɶ,{,s,V삪
5760054,,ɼ,,{,s,
5760042,,ɼ,Ҷ޴,{,s,~}
5760033,,ɼ,(),{,s,siځj
5760004,,ɼ,(),{,s,siԒnj
5760032,,ɼ,,{,s,sR
5760052,,ɼ,(),{,s,iځj
5760002,,ɼ,(),{,s,iԒnj
5760041,,ɼ,Ƽ,{,s,
5760035,,ɼ,,{,s,
5760051,,ɼ,׼(),{,s,qiځj
5760001,,ɼ,׼(),{,s,qiԒnj
5760053,,ɼ,,{,s,S
5760062,,ɼ,ݸ޳,{,s,_{
5760063,,ɼ,(),{,s,iځj
5760006,,ɼ,(),{,s,iԒnj
5760064,,ɼ,,{,s,
5760013,,ɼ,ݾ޲,{,s,쐯
5760061,,ɼ,˶޼׼,{,s,q
5760022,,ɼ,̼޶޵,{,s,
5760003,,ɼ,γ,{,s,T
5760016,,ɼ,μ(),{,s,ciځj
5760011,,ɼ,μ(),{,s,ciԒnj
5760014,,ɼ,μ,{,s,cR
5760015,,ɼ,μƼ,{,s,c
5760017,,ɼ,μ޷,{,s,ck
5760043,,ɼ,޶,{,s,
5760021,,ɼ,Юݻ޶,{,s,
5760012,,ɼ,Ю˶޼,{,s,
5760065,,ɼ,Ѷ,{,s,c
5760005,,ɼ,,{,s,X
5760031,,ɼ,,{,s,X
5760036,,ɼ,ط,{,s,Xk
5890000,,ϼ,ƹŲޱ,{,㋷Rs,ȉɌfڂȂꍇ
5890008,,ϼ,ؼޭ޵,{,㋷Rs,rKRu
5890007,,ϼ,Ŷ,{,㋷Rs,rK
5990214,,ݼ,Ŷ,{,s,Rk
6180000,,мϸݼ,ƹŲޱ,{,OS{,ȉɌfڂȂꍇ
6180015,,мϸݼ,,{,OS{,t
6180013,,мϸݼ,,{,OS{,]
6180004,,мϸݼ,,{,OS{,
6180022,,мϸݼ,ײ,{,OS{,
6180023,,мϸݼ,ײ޲,{,OS{,
6180003,,мϸݼ,޲,{,OS{,ڑ
6180012,,мϸݼ,,{,OS{,l
6180002,,мϸݼ,ĳ޲,{,OS{,厛
6180021,,мϸݼ,ˬ,{,OS{,SR
6180011,,мϸݼ,۾,{,OS{,L
6180014,,мϸݼ,ž,{,OS{,
6180001,,мϸݼ,ϻ޷,{,OS{,R
6180024,,мϸݼ,ܶ޲,{,OS{,R
5630100,,ɸ,ƹŲޱ,{,L\SL\,ȉɌfڂȂꍇ
5630217,,ɸ,ܼ,{,L\SL\,K
5630215,,ɸ,,{,L\SL\,ؑ
5630214,,ɸ,޳޵,{,L\SL\,]Pu
5630213,,ɸ,,{,L\SL\,ؔ
5630104,,ɸ,̳޲,{,L\SL\,
5630105,,ɸ,ݺ̳޲,{,L\SL\,V
5630216,,ɸ,,{,L\SL\,R
5630212,,ɸ,,{,L\SL\,c
5630102,,ɸ,ķ޲,{,L\SL\,Ƃ
5630218,,ɸ,ϸ,{,L\SL\,Ԍ
5630103,,ɸ,˶޼ķ޲,{,L\SL\,Ƃ
5630211,,ɸ,Ϸ,{,L\SL\,q
5630101,,ɸ,ּ,{,L\SL\,g
5630219,,ɸ,,{,L\SL\,]
5630300,,ɸɾ,ƹŲޱ,{,L\S\,ȉɌfڂȂꍇ
5630363,,ɸɾ,ż,{,L\S\,n
5630361,,ɸɾ,Ƽ,{,L\S\,
5630365,,ɸɾ,,{,L\S\,㐙
5630352,,ɸɾ,,{,L\S\,嗢
5630353,,ɸɾ,,{,L\S\,
5630354,,ɸɾ,,{,L\S\,ЎR
5630122,,ɸɾ,,{,L\S\,cK
5900401,,ݸݸ,,{,SF撬,v
5900402,,ݸݸ,޷,{,SF撬,vۖk
5900403,,ݸݸ,Ŷ,{,SF撬,vے
5900404,,ݸݸ,Ƽ,{,SF撬,vې
5900406,,ݸݸ,˶޼,{,SF撬,vۓ
5900405,,ݸݸ,,{,SF撬,vۓ
5900450,,ݸݸ,,{,SF撬,{
5900432,,ݸݸ,޲,{,SF撬,_
5900431,,ݸݸ,,{,SF撬,J
5900434,,ݸݸ,Ʒ,{,SF撬,Jk
5900435,,ݸݸ,,{,SF撬,J
5900422,,ݸݸ,޳޵,{,SF撬,]u
5900441,,ݸݸ,,{,SF撬,v
5900436,,ݸݸ,,{,SF撬,c
5900411,,ݸݸ,,{,SF撬,ܖ
5900415,,ݸݸ,Ƽ,{,SF撬,ܖ吼
5900414,,ݸݸ,˶޼,{,SF撬,ܖ哌
5900412,,ݸݸ,,{,SF撬,
5900413,,ݸݸ,׶޵,{,SF撬,u
5900445,,ݸݸ,·޵,{,SF撬,܌u
5900421,,ݸݸ,,{,SF撬,R
5900425,,ݸݸ,˶޼,{,SF撬,R
5900427,,ݸݸ,Ƽ,{,SF撬,R
5900426,,ݸݸ,,{,SF撬,R
5900424,,ݸݸ,Ϸ,{,SF撬,Rk
5900423,,ݸݸ,ޭ޵,{,SF撬,Ru
5900454,,ݸݸ,,{,SF撬,Vc
5900444,,ݸݸ,޻޵,{,SF撬,΂uk
5900443,,ݸݸ,޻޵Ƽ,{,SF撬,΂u
5900442,,ݸݸ,޻޵˶޼,{,SF撬,΂u
5900416,,ݸݸ,ĳܴ,{,SF撬,a
5900455,,ݸݸ,Ŷ޲,{,SF撬,r
5900447,,ݸݸ,ر˶޼,{,SF撬,
5900449,,ݸݸ,رƼ,{,SF撬,
5900448,,ݸݸ,ر,{,SF撬,
5900446,,ݸݸ,ر,{,SF撬,k
5850023,,жݶ,Ӷ,{,͓S͓쒬,͓
5850014,,жݶ,׷,{,͓S͓쒬,
5850026,,жݶ,޲,{,͓S͓쒬,
5850033,,жݶ,س,{,͓S͓쒬,ڐJ
5850003,,жݶ,޲¶,{,͓S͓쒬,P
5850005,,жݶ,γ,{,͓S͓쒬,
5850011,,жݶ,,{,͓S͓쒬,c
5850031,,жݶ,Ŷ,{,͓S͓쒬,
5850006,,жݶ,,{,͓S͓쒬,t
5850001,,жݶ,˶޼,{,͓S͓쒬,R
5850013,,жݶ,ײ,{,͓S͓쒬,
5850022,,жݶ,۶,{,͓S͓쒬,O
5850032,,жݶ,,{,͓S͓쒬,nJ
5850021,,жݶ,,{,͓S͓쒬,
5850004,,жݶ,ϼ,{,͓S͓쒬,R
5850000,,жԱ,ƹŲޱ,{,͓S瑁ԍ㑺,ȉɌfڂȂꍇ
5850055,,жԱ,ϻ޶,{,͓S瑁ԍ㑺,
5850045,,жԱ,,{,͓S瑁ԍ㑺,
5850043,,жԱ,,{,͓S瑁ԍ㑺,ˎR
5850053,,жԱ,޷,{,͓S瑁ԍ㑺,
5850041,,жԱ,,{,͓S瑁ԍ㑺,
5850051,,жԱ,,{,͓S瑁ԍ㑺,瑁
5850052,,жԱ,Ŷ,{,͓S瑁ԍ㑺,Ì
5850042,,жԱ,ƶ,{,͓S瑁ԍ㑺,͌
5850044,,жԱ,,{,͓S瑁ԍ㑺,X
5850054,,жԱ,޼,{,͓S瑁ԍ㑺,gN
