社員コード,氏名,フリガナ,性別,所属,所属名
0021,吉村 春一,ヨシムラ ハルカズ,男,0002,営業部第二
0006,森尾 正也,モリオ マサヤ,男,0002,営業部第二
0043,原松 春也,ハラマツ ハルヤ,男,0001,営業部第一
0019,野丸 由一,ノマル ヨシカズ,男,0001,営業部第一
0011,川多 由男,カワタ ヨシオ,男,0002,営業部第二
0008,川吉 洋樹,カワヨシ ヒロキ,男,0002,営業部第二
0017,尾田 雅也,オタ マサヤ,男,0002,営業部第二
0010,杉岡 友一,スギオカ トモカズ,男,0002,営業部第二
0012,杉岡 由樹,スギオカ ヨシキ,男,0002,営業部第二
0003,多岡 冬行,タオカ フユユキ,男,0002,営業部第二
0039,高松 雅之,タカマツ マサユキ,男,0001,営業部第一
0042,中原 冬男,ナカハラ フユオ,男,0001,営業部第一
0037,鈴丸 輝之,スズマル テルユキ,男,0001,営業部第一
0032,野尾 春男,ノオ ハルオ,男,0001,営業部第一
0046,尾内 正樹,オウチ マサキ,男,0001,営業部第一
0047,多松 正樹,タマツ マサキ,男,0001,営業部第一
0038,松高 洋一,マツタカ ヒロカズ,男,0003,営業部第三
0013,木川 元男,キカワ モトオ,男,0001,営業部第一
0029,多田 友行,タタ トモユキ,男,0003,営業部第三
0007,鈴杉 由樹,スズスギ ヨシキ,男,0001,営業部第一
0031,岡中 冬之,オカナカ フユユキ,男,0003,営業部第三
0001,浦岡 友也,ウラオカ トモヤ,男,0003,営業部第三
0023,松本 洋也,マツモト ヒロヤ,男,0003,営業部第三
0033,田杉 洋也,タスギ ヒロヤ,男,0003,営業部第三
0035,本原 正也,モトハラ マサヤ,男,0002,営業部第二
0024,尾木 輝男,オキ テルオ,男,0003,営業部第三
0027,浦村 春一,ウラムラ ハルカズ,男,0002,営業部第二
0020,松野 友之,マツノ トモユキ,男,0003,営業部第三
0014,川木 春一,カワキ ハルカズ,男,0001,営業部第一
0015,中多 克也,ナカタ カツヤ,男,0001,営業部第一
0005,内高 友之,ウチタカ トモユキ,男,0003,営業部第三
0018,松中 輝行,マツナカ テルユキ,男,0001,営業部第一
0028,森木 和之,モリキ カズユキ,男,0002,営業部第二
0022,丸吉 春代,マルヨシ ハルヨ,女,0001,営業部第一
0030,浦川 冬代,ウラカワ フユヨ,女,0001,営業部第一
0016,森村 正恵,モリムラ マサエ,女,0001,営業部第一
0025,鈴川 春美,スズカワ ハルミ,女,0001,営業部第一
0036,浦多 冬代,ウラタ フユヨ,女,0001,営業部第一
0044,村松 冬子,ムラマツ フユコ,女,0001,営業部第一
0041,丸森 雅美,マルモリ マサミ,女,0001,営業部第一
0026,原中 元美,ハラナカ モトミ,女,0001,営業部第一
0040,安村 克恵,ヤスムラ カツエ,女,0002,営業部第二
0049,原田 春代,ハラタ ハルヨ,女,0002,営業部第二
0034,村高 洋代,ムラタカ ヒロヨ,女,0002,営業部第二
0004,高田 冬美,タカタ フユミ,女,0003,営業部第三
0009,村森 友恵,ムラモリ トモエ,女,0003,営業部第三
0002,山村 洋代,ヤマムラ ヒロヨ,女,0003,営業部第三
0045,村松 和子,ムラマツ カズコ,女,0003,営業部第三
0050,松丸 正恵,マツマル マサエ,女,0003,営業部第三
0048,浦杉 由美,ウラスギ ヨシミ,女,0002,営業部第二
